id,domain,status,purchase_price,renewal_price,attractiveness,demand,length,registrar,created_at,expires_at,status_verified_at
90be4795-7091-4c6a-aece-c3ab7a4245ff,unhearing.juegos,available,599.99,599.99,medium,low,9,name.com,,,13/08/2026 19:50
97a3ba61-483b-4639-a663-5b7863dee18d,vaginal.juegos,available,368.98,478.98,medium,low,7,namecheap,,,13/09/2026 00:49
99b07869-ef6f-4224-8e96-06ed070ebb79,biographic.juegos,available,368.98,478.98,high,low,10,namecheap,,,10/08/2026 01:58
c6c8a05c-b9f7-4440-ae9f-c4a63f716624,riding.juegos,available,309.47,309.47,high,low,6,porkbun,,,29/09/2026 18:18
16d7048b-dc1d-47a8-a1e4-c9edf64e7afb,leonardo.juegos,available,368.98,478.98,high,low,8,namecheap,,,28/09/2026 18:51
f11bc486-c51e-4f7e-8160-d0a0f7382139,apophasis.juegos,available,368.98,478.98,medium,low,9,namecheap,,,19/09/2026 19:01
79d329ef-43b0-4704-99d1-23c840a1d3c8,screws.juegos,available,321.22,321.22,medium,low,6,dynadot,,,29/09/2026 17:35
d211e360-4add-4e23-b0a5-b29b1cb03aba,posing.juegos,available,368.98,478.98,high,low,6,namecheap,,,10/09/2026 08:59
7ff0f20a-ea79-4621-b68e-946842943b17,numerous.juegos,available,368.98,478.98,high,low,8,namecheap,,,22/08/2026 23:01
d8569acc-32f0-4aff-ba5c-e4b5f950b2f5,beautiful.juegos,available,368.98,478.98,high,low,9,namecheap,,,29/09/2026 08:37
959c747e-c043-4027-a71d-22bcc183569a,sloane.juegos,available,309.47,309.47,high,low,6,porkbun,,,28/09/2026 16:12
c2a6244f-3568-48ea-9254-a4c56f0cecf4,whacked.juegos,available,368.98,478.98,medium,low,7,namecheap,,,13/09/2026 11:08
8a72b647-b554-45f1-9bf1-11485ae58a7e,fanned.juegos,available,368.98,478.98,high,low,6,namecheap,,,17/08/2026 22:09
a88335b7-31ed-44bb-89fb-08b385d49e0b,unabashed.juegos,available,368.98,478.98,medium,low,9,namecheap,,,11/09/2026 23:19
f0cbde85-6d19-41da-bda5-ff634f809e09,attack.juegos,available,321.22,321.22,high,low,6,dynadot,,,28/09/2026 08:45
5f99c9b3-767b-4506-ac57-453512eebc05,brought.juegos,available,478.98,,medium,low,7,namecheap,,,
ebee93e3-64c2-4f48-bbfd-03129ad3df97,table.juegos,available,478.98,,high,low,5,namecheap,,,
3f3f5da8-7254-466d-bcf4-3200e2c09a5a,putin.juegos,available,368.98,478.98,medium,low,5,namecheap,,,28/09/2026 02:59
d3d1678b-663a-450a-93dc-0080cdd3915d,sensorial.juegos,available,368.98,478.98,medium,low,9,namecheap,,,10/09/2026 03:46
25347731-1c37-4002-b5e5-9d195684e0d6,resemblance.juegos,available,478.98,,high,low,11,namecheap,,,
d6c0a5f0-e99d-4dd5-9871-4e9b96955508,scripts.juegos,available,321.22,321.22,medium,low,7,dynadot,,,29/09/2026 05:41
6d91dac7-d181-4a73-b114-45072ce8eceb,peeved.juegos,available,368.98,478.98,medium,low,6,namecheap,,,
7f66584d-b12b-4515-8bc8-16fcfaa79b3f,extremist.juegos,available,368.98,478.98,medium,low,9,namecheap,,,17/08/2026 19:32
49a3195f-408d-4492-9cb9-278feb0f2a18,unionized.juegos,available,368.98,478.98,medium,low,9,namecheap,,,03/09/2026 19:29
59842dcf-28a4-4b0f-a101-7eca814d1686,bruxelles.juegos,available,368.98,478.98,high,low,9,namecheap,,,23/09/2026 04:57
a68ab242-016d-4d01-82e1-66e0ee0e1a99,standby.juegos,available,368.98,478.98,high,low,8,namecheap,,,10/09/2026 18:37
dea28894-d7c1-4fd2-96d3-75e173399072,berger.juegos,available,309.47,309.47,medium,low,6,porkbun,,,29/09/2026 04:23
93690682-d7cd-43b3-8a83-05ed6c9e4261,plucked.juegos,available,368.98,478.98,medium,low,7,namecheap,,,08/09/2026 21:28
48ca6aa7-cc7f-441c-8d13-52358c969485,clams.juegos,available,599.99,599.99,high,low,5,name.com,,,24/09/2026 06:47
f9156514-be71-49a4-a4e1-3b9008bc7cc6,respiration.juegos,available,321.22,321.22,high,low,11,dynadot,,,29/09/2026 23:19
cb4777c9-9c1c-4bcd-a32b-f70fbc5f4b0b,composition.juegos,available,368.98,478.98,medium,low,11,namecheap,,,28/09/2026 22:45
4a6f7620-3dd9-4c3e-ba82-5cd61093970e,objector.juegos,available,368.98,478.98,medium,low,8,namecheap,,,14/08/2026 12:43
ebcf89fb-0271-441c-ac67-5f48e3678197,irc.juegos,available,368.98,478.98,high,low,3,namecheap,,,28/09/2026 20:54
8b54228b-fcc1-4c13-ae12-7a7bd5f794e4,tomlinson.juegos,available,368.98,478.98,medium,low,9,namecheap,,,28/09/2026 12:15
2fdd059f-5371-4a13-b848-8e630f6c413e,misunderstood.juegos,available,321.22,321.22,medium,low,13,dynadot,,,29/09/2026 02:48
9da3a533-e7c5-4bbd-94dc-1ba2862fcf81,woozy.juegos,available,368.98,478.98,medium,low,5,namecheap,,,14/08/2026 14:06
94e3b5e8-2e10-4022-a625-dc68db71df98,cellular.juegos,available,368.98,478.98,high,low,8,namecheap,,,11/08/2026 23:32
fe791234-cca4-47ce-bb20-ca24d514e7eb,postural.juegos,available,368.98,478.98,medium,low,8,namecheap,,,09/09/2026 00:40
9ab844e7-edf3-4e03-b7c7-53ccb00cc6dd,deciphered.juegos,available,368.98,478.98,high,low,10,namecheap,,,13/08/2026 21:34
ae5d4132-cf9b-4206-a213-63a8725c571e,lusty.juegos,available,368.98,478.98,high,low,5,namecheap,,,12/08/2026 20:20
8f682d95-f26d-44ad-8aa8-a8008aad4b27,hiding.juegos,available,368.98,478.98,high,low,6,namecheap,,,08/09/2026 11:45
a1df5331-9b4a-4686-9781-36ede57ba333,apogamy.juegos,available,368.98,478.98,medium,low,7,namecheap,,,19/09/2026 18:27
c0fa43fb-63b2-4ab0-8d66-446d6f08bd76,bladed.juegos,available,368.98,478.98,medium,low,6,namecheap,,,10/08/2026 12:14
1eecf306-cbcf-410c-adc3-8b4c7321ade8,costal.juegos,available,368.98,478.98,medium,low,6,namecheap,,,13/08/2026 03:04
25a92229-a352-4c2b-b156-e2afd965913f,utilize.juegos,available,368.98,478.98,high,low,7,namecheap,,,30/09/2026 01:31
47ac3720-6263-4d65-a538-1984d4bf01dc,cursed.juegos,available,368.98,478.98,high,low,6,namecheap,,,13/08/2026 11:32
519f3d52-91a8-4fdc-bf44-dd3e1c2bcdad,cajole.juegos,available,368.98,478.98,medium,low,6,namecheap,,,24/09/2026 04:10
0b3aaa81-48e3-4f9d-a504-dd85564a0c4a,formidable.juegos,available,368.98,478.98,high,low,10,namecheap,,,18/08/2026 12:12
232ba01b-96f3-4bc3-aea0-74e5dca579f9,zymotic.juegos,available,368.98,478.98,medium,low,7,namecheap,,,13/09/2026 15:57
74fc980a-2074-4cbe-a574-5db091acfe54,unwieldy.juegos,available,368.98,478.98,medium,low,8,namecheap,,,12/08/2026 13:10
27da53f7-29bf-4f56-9f3d-75d147f6f1a9,sleeveless.juegos,available,368.98,478.98,high,low,10,namecheap,,,10/08/2026 19:41
f48f7cc8-b799-4b6c-b5bb-16d3da70e066,grinding.juegos,available,309.47,309.47,medium,low,8,porkbun,,,28/09/2026 19:23
6f9b07a9-b993-402d-9b4c-cfc0d3ece8d7,revokable.juegos,available,368.98,478.98,medium,low,9,namecheap,,,09/09/2026 16:23
19ce1e11-f9cf-4302-bf11-0ebbc82c9379,xxxii.juegos,available,368.98,478.98,medium,low,5,namecheap,,,
723110ef-eb32-47c7-b279-78a619ad7165,adidas.juegos,available,478.98,,high,low,6,namecheap,,,
6a8af82b-5ab0-443d-8914-e703e359ffe5,innately.juegos,available,368.98,478.98,medium,low,8,namecheap,,,15/09/2026 08:27
faae78dd-f256-46ec-b88a-ec375e2160ab,sled.juegos,available,309.47,309.47,high,low,4,porkbun,,,29/09/2026 20:23
b70f3ff9-896a-47f4-bae5-d467f54397d3,visiting.juegos,available,478.98,,high,low,8,namecheap,,,
83819b6b-9fdb-414b-b27b-fdcd5ad36112,trippingly.juegos,available,368.98,478.98,medium,low,10,namecheap,,,15/09/2026 11:20
683e286f-79fd-468c-b6d2-c3b282e0b627,stentorian.juegos,available,368.98,478.98,medium,low,10,namecheap,,,10/09/2026 20:07
6e623895-405b-4a7b-9769-8dc763f87970,bernoulli.juegos,available,368.98,478.98,medium,low,9,namecheap,,,23/09/2026 09:57
f0ce347e-8f87-4b6b-8d35-77f59bab60d8,semen.juegos,available,368.98,478.98,medium,low,5,namecheap,,,29/09/2026 18:24
05572cc2-a872-4044-abac-41455a0bd7a8,melt.juegos,available,368.98,478.98,high,low,4,namecheap,,,25/09/2026 19:16
a5a31621-4d04-4d0e-b223-712ca4f3aa11,demonstrations.juegos,available,478.98,,medium,low,14,namecheap,,,
436df148-3fce-412a-baa1-3bdad684babb,clonal.juegos,available,368.98,478.98,medium,low,6,namecheap,,,12/08/2026 12:01
b12118ee-f612-42b6-b40f-af047d660d15,benne.juegos,available,368.98,478.98,medium,low,5,namecheap,,,23/09/2026 08:27
b73ded3a-b2fa-4bfb-bb64-2c340e62c8a1,macgregor.juegos,available,309.47,309.47,medium,low,9,porkbun,,,28/09/2026 19:47
f8e91109-b5ff-41c9-8e49-992247b1fde8,entitled.juegos,available,368.98,478.98,high,low,8,namecheap,,,24/09/2026 14:10
639c7b04-eccd-4490-8a81-9411e65347be,abbott.juegos,available,309.47,309.47,high,low,6,porkbun,,,27/09/2026 17:56
9699f3cf-9a3a-4865-9cf9-b213f21d5983,forgetting.juegos,available,478.98,,high,low,10,namecheap,,,
ab865c76-8fd6-491e-a553-4734fec7ef84,airlines.juegos,available,321.22,321.22,medium,low,8,dynadot,,,28/09/2026 17:53
b28552e7-3ff5-4aa8-91a0-7654195d058a,saintly.juegos,available,368.98,478.98,high,low,7,namecheap,,,
d9f008dc-628b-46e5-a4a9-d4dc2df5274f,quaternary.juegos,available,368.98,478.98,medium,low,10,namecheap,,,
2b962cd8-5cec-4e61-a7d6-f4a2a5e4ee96,fuzzed.juegos,available,368.98,478.98,medium,low,6,namecheap,,,18/08/2026 19:20
434c7d0a-435b-4a72-99f3-713c6ab70108,clad.juegos,available,368.98,478.98,high,low,4,namecheap,,,12/08/2026 09:13
0d305738-ec75-4a16-8b15-4dc47cb72772,urinary.juegos,available,368.98,478.98,medium,low,7,namecheap,,,12/09/2026 23:44
5697b815-234d-4043-804b-9150a658b765,ninepenny.juegos,available,368.98,478.98,low,low,9,namecheap,,,03/09/2026 17:37
c03740db-b8e1-4cb6-9ef5-56f780af5e83,astrometry.juegos,available,368.98,478.98,medium,low,10,namecheap,,,20/09/2026 17:53
2124fd0b-4548-4d7e-8155-42f8cd37704c,ruinous.juegos,available,368.98,478.98,medium,low,7,namecheap,,,10/08/2026 13:28
4fabec5e-b807-46f4-afe5-25b4169778ee,greek.juegos,available,368.98,478.98,high,low,5,namecheap,,,08/09/2026 07:29
0c0363c4-6cf3-4067-8864-36a05c19553b,broadside.juegos,available,368.98,478.98,high,low,9,namecheap,,,11/08/2026 05:04
8266f2a7-aa07-47cd-bc40-e33c184486d8,referable.juegos,available,368.98,478.98,medium,low,9,namecheap,,,07/08/2026 01:28
ac7cca49-2f47-4e41-ae35-420e720342f8,acerbic.juegos,available,368.98,478.98,medium,low,7,namecheap,,,
3b23e7ab-2dc6-4125-ae74-89cee6cbd458,americium.juegos,available,368.98,478.98,medium,low,9,namecheap,,,18/09/2026 15:35
1e4c8cee-1978-470d-86ad-f5afc30f82a2,gladsome.juegos,available,368.98,478.98,high,low,8,namecheap,,,19/08/2026 00:13
b1a9eb48-a8fc-47d0-9e6a-343f61d5e086,riparian.juegos,available,368.98,478.98,high,low,8,namecheap,,,09/09/2026 17:53
80200a3f-2d2d-4425-9291-475209274501,indirectly.juegos,available,368.98,478.98,medium,low,10,namecheap,,,15/09/2026 07:58
c803a855-e7b5-4b5d-9015-f25b9de247a8,joyless.juegos,available,368.98,478.98,medium,low,7,namecheap,,,22/08/2026 14:04
3bad1d47-c5f6-40cc-9ab4-0cd96b292625,glorified.juegos,available,368.98,478.98,high,low,9,namecheap,,,11/08/2026 17:29
44e79bda-3aaf-4fa3-b8f2-d91ca869db4e,bbs.juegos,available,368.98,478.98,high,low,3,namecheap,,,22/09/2026 18:34
5aa97d54-36d0-4d58-9f30-5838984bd714,mediated.juegos,available,368.98,478.98,medium,low,8,namecheap,,,24/08/2026 18:53
b3df79fb-79ab-4399-b8f8-67555d6069a8,masterful.juegos,available,368.98,478.98,high,low,9,namecheap,,,23/09/2026 21:35
d0e943e2-c152-4e9c-8564-1fda92a047ce,sweetly.juegos,available,368.98,478.98,high,low,7,namecheap,,,11/09/2026 05:33
b1e867c7-00e1-40a0-b68c-d3c7a3c9fc2f,coruscant.juegos,available,368.98,478.98,medium,low,9,namecheap,,,
68b559ea-a313-4276-a0b7-df94c2cbe9a0,membered.juegos,available,368.98,478.98,medium,low,8,namecheap,,,24/08/2026 19:49
237f7e8d-aaee-4e66-bf26-3f10f98cdb6a,planktonic.juegos,available,368.98,478.98,medium,low,10,namecheap,,,08/09/2026 20:46
e74bc4c9-bacd-49d3-a4af-27f52657d13c,aberration.juegos,available,368.98,478.98,medium,low,10,namecheap,,,16/09/2026 15:14
f7a7199f-b768-4fb4-99ac-958f2f6a3be6,cooling.juegos,available,368.98,478.98,high,low,7,namecheap,,,12/08/2026 05:28
78c665de-4fe4-42b8-814c-340b9259c8f0,introduction.juegos,available,478.98,,high,low,12,namecheap,,,
3306c8cb-1390-46d1-a0d7-3648988a2924,tonal.juegos,available,368.98,478.98,high,low,5,namecheap,,,11/09/2026 16:59
cd676e49-e3c5-4e1b-a6cb-a7eba54ecc6c,billion.juegos,available,368.98,478.98,high,low,7,namecheap,,,22/09/2026 20:43
cb4ab909-10a4-430a-9c2e-0e661d6e5959,sensible.juegos,available,368.98,478.98,high,low,8,namecheap,,,09/09/2026 11:07
925860f7-ed10-4ec3-a569-b874d67b8182,sip.juegos,available,478.98,,high,low,3,namecheap,,,
acae6e62-717d-465d-8367-c88f7d7a1cbd,emma.juegos,available,368.98,478.98,high,medium,4,namecheap,,,25/09/2026 12:33
97ff1ce9-adff-4939-8317-e68cbcb70838,day.juegos,available,309.47,309.47,high,low,3,porkbun,,,28/09/2026 16:52
da00fc7f-d734-4f5f-b8d6-9e6d6e5573e5,eminent.juegos,available,368.98,478.98,high,low,7,namecheap,,,16/08/2026 15:06
8dfe1403-4861-4974-99cc-b4a1d871daf7,pensive.juegos,available,368.98,478.98,medium,low,7,namecheap,,,11/08/2026 06:00
02a13d0b-8b1a-4529-a5c4-6f06080c23e5,tethys.juegos,available,368.98,478.98,medium,low,6,namecheap,,,19/09/2026 17:56
56c9c301-fe64-4942-8a59-c990c6f6b5fc,headless.juegos,available,368.98,478.98,medium,low,8,namecheap,,,11/08/2026 01:43
59372a29-0fae-4f99-ae94-94284109dd2f,magicians.juegos,available,368.98,478.98,medium,low,9,namecheap,,,20/09/2026 20:54
7c7bbb27-3c1f-4976-8ec8-d6f6a076a36b,alpenstock.juegos,available,368.98,478.98,medium,low,10,namecheap,,,18/09/2026 13:32
8dfd4c65-e450-4fef-9481-b066395cf0f4,bitten.juegos,available,321.22,321.22,low,low,6,dynadot,,,29/09/2026 10:18
ac1127cd-a18f-4e33-9259-c7a8919fb33d,groomed.juegos,available,368.98,478.98,high,low,7,namecheap,,,20/08/2026 20:15
fa7c0213-649f-4bb4-acc7-eff71b87d8a9,modulated.juegos,available,368.98,478.98,medium,low,9,namecheap,,,25/08/2026 03:19
48be7778-6ea1-4544-8c9f-cb1bb02c21ce,calced.juegos,available,368.98,478.98,medium,low,6,namecheap,,,11/08/2026 13:41
7851efb6-3b05-4e39-9e86-9326e2cc0e85,placement.juegos,available,368.98,478.98,high,low,9,namecheap,,,09/09/2026 00:08
e880f5b4-f7e7-4c63-b54b-6a51250854fc,hawkish.juegos,available,368.98,478.98,medium,low,7,namecheap,,,21/08/2026 01:38
027e1b5d-8dd1-4d35-a5f2-c5daa262e080,duodecimal.juegos,available,368.98,478.98,medium,low,10,namecheap,,,14/08/2026 21:19
e0657c19-154d-441b-8f5f-5289f6d9b71d,dimly.juegos,available,368.98,478.98,medium,low,5,namecheap,,,14/09/2026 12:45
c1995954-3c1c-4997-a23c-b457c8290373,lebanese.juegos,available,368.98,478.98,high,low,8,namecheap,,,22/08/2026 22:15
3102472e-c854-4ca0-81c3-62eb19eafc1a,builder.juegos,available,309.47,309.47,high,low,7,porkbun,,,29/09/2026 05:12
d40bc165-6de5-4064-a3d9-1d4c6813d8d4,slanted.juegos,available,368.98,478.98,medium,low,7,namecheap,,,07/08/2026 04:15
323c6ac7-2d2c-4438-86ce-8a1e770334e0,creeping.juegos,available,309.47,309.47,medium,low,8,porkbun,,,29/09/2026 00:36
dd636094-46a4-4f58-89be-eee7c27bcdfc,cells.juegos,available,478.98,,high,low,5,namecheap,,,
ed33fd91-2c96-44cc-91de-c772dc0e7f68,centrical.juegos,available,368.98,478.98,medium,low,9,namecheap,,,12/08/2026 00:12
7eb13876-a7dc-4e5b-8152-7f5360768ce3,aboveboard.juegos,available,368.98,478.98,medium,low,10,namecheap,,,
18bdef50-6106-4b09-8f66-30873fd606b4,quatern.juegos,available,368.98,478.98,medium,low,7,namecheap,,,
08efe2f7-49ac-407c-9d73-9b9d9ae115d8,subject.juegos,available,368.98,478.98,high,low,7,namecheap,,,03/09/2026 13:38
ec754384-fb5d-44c4-9204-55734a124bf5,exchanges.juegos,available,368.98,478.98,medium,low,9,namecheap,,,29/09/2026 08:56
85c59831-2f0a-42d0-b562-c63cad4d5e5b,semifinal.juegos,available,368.98,478.98,high,low,10,namecheap,,,16/09/2026 09:45
12a8bbd5-96b7-4505-9acd-300b4babd05a,aimless.juegos,available,368.98,478.98,medium,low,7,namecheap,,,
5a30b18a-8b48-4fef-9c3a-804782f28822,column.juegos,available,368.98,478.98,high,low,6,namecheap,,,19/09/2026 04:50
dbb503bf-6e80-4277-b520-1b4ea32851eb,beery.juegos,available,368.98,478.98,medium,low,5,namecheap,,,09/08/2026 08:12
5cb68a20-1674-4dcf-84e7-bbea9e8015ac,blackamoor.juegos,available,368.98,478.98,medium,low,10,namecheap,,,03/09/2026 15:12
79c251e4-ad1d-499b-b16b-a884879d9345,telecom.juegos,available,478.98,,high,low,7,namecheap,,,
6139291e-88ec-42d9-a7a4-e7c706c88dc3,pilgrimage.juegos,available,368.98,478.98,high,low,10,namecheap,,,29/09/2026 20:00
a72895b3-9293-458a-9bc5-620b2b4b2b81,towering.juegos,available,368.98,478.98,high,low,8,namecheap,,,11/09/2026 18:24
dfb868ce-5ffb-4842-a9bc-4722f38a5fa6,clue.juegos,available,368.98,478.98,high,low,4,namecheap,,,29/09/2026 10:03
97b653eb-be37-4ae8-89c0-65adad25ddf1,endovenous.juegos,available,368.98,478.98,medium,low,10,namecheap,,,17/08/2026 01:21
ab56137d-1ce5-47e6-9a33-f675d90942d3,shared.juegos,available,368.98,478.98,high,low,6,namecheap,,,24/09/2026 11:33
bc0b4f9b-f74d-4354-b71c-83d5b9d0b1ee,curling.juegos,available,368.98,478.98,high,low,7,namecheap,,,13/08/2026 11:21
8ebf69f4-3b11-46c8-afce-2f154b03f230,flips.juegos,available,368.98,478.98,medium,low,5,namecheap,,,19/09/2026 20:33
a36c95ec-d510-4129-8c26-3f49b27d608c,northerly.juegos,available,368.98,478.98,medium,low,9,namecheap,,,03/09/2026 21:23
beb0ace9-b06c-4512-b469-bdf4e6e91cc4,reptile.juegos,available,368.98,478.98,high,low,7,namecheap,,,09/09/2026 14:41
dbe949ef-730f-42ab-8c7d-1906e19f77e2,reserved.juegos,available,368.98,478.98,high,low,8,namecheap,,,09/09/2026 14:50
95c9da4d-b660-4b47-8b68-6067ba45c44e,molded.juegos,available,368.98,478.98,medium,low,6,namecheap,,,25/08/2026 03:46
65afe86b-cfd9-4dc9-8187-691d8399eef8,vinson.juegos,available,368.98,478.98,medium,low,6,namecheap,,,29/09/2026 12:24
b153e18c-2b9a-4fa5-a6aa-49a57544ebd0,examine.juegos,available,478.98,,high,low,7,namecheap,,,
fa9ce5e7-7492-4adf-91f6-cf58fbeb8ca9,panoplied.juegos,available,368.98,478.98,medium,low,9,namecheap,,,06/08/2026 21:42
55812027-8931-4bbf-8bd1-e50de4a69bf1,offbeat.juegos,available,368.98,478.98,high,low,7,namecheap,,,17/08/2026 22:21
a1f1f570-9a44-43eb-917b-6589c9497c65,arched.juegos,available,368.98,478.98,medium,low,6,namecheap,,,06/08/2026 14:34
0f7aba78-0a44-413c-93cf-c4f34a4b7487,dentate.juegos,available,368.98,478.98,medium,low,7,namecheap,,,14/08/2026 01:57
3537495c-3309-4e65-a6cc-e9a0bf739a5f,puzzling.juegos,available,368.98,478.98,high,low,8,namecheap,,,17/08/2026 09:15
dc6a4601-3d1b-42f4-9d73-9f2ec2d40fc2,considering.juegos,available,599.99,599.99,high,low,11,name.com,,,26/09/2026 03:06
f01a7570-fa39-4818-9d26-943a891bdc26,synovial.juegos,available,368.98,478.98,medium,low,8,namecheap,,,11/09/2026 06:37
53c2d20d-9871-4512-a28d-a9053c62cefc,industrialize.juegos,available,478.98,,medium,low,13,namecheap,,,
abe03eab-3684-4560-9f8f-bf4901663e55,unlabeled.juegos,available,368.98,478.98,medium,low,9,namecheap,,,12/09/2026 14:28
add75bc2-f2aa-4b34-b557-8f67e0bb3530,coalesced.juegos,available,368.98,478.98,medium,low,9,namecheap,,,
fca49016-53b4-484b-ba13-124bb3a3861f,infirm.juegos,available,599.99,599.99,medium,low,6,name.com,,,13/08/2026 20:32
8f879d52-a0d8-493b-9286-3599be964192,fairview.juegos,available,368.98,478.98,medium,low,8,namecheap,,,28/09/2026 16:52
f2e32dff-f3c1-42be-8410-1715e1e41115,diatonic.juegos,available,368.98,478.98,medium,low,8,namecheap,,,14/08/2026 06:21
ac00fe68-5914-4c22-9a5b-b0952a5b9e5b,sixty.juegos,available,368.98,478.98,high,low,5,namecheap,,,
8c958b5b-e5cf-4565-b210-436c0a0b4711,cowardly.juegos,available,368.98,478.98,medium,low,8,namecheap,,,13/08/2026 04:07
a2acbc99-047d-44a8-8edd-114894e4fd93,stabile.juegos,available,368.98,478.98,medium,low,7,namecheap,,,21/08/2026 21:21
858ae753-751d-453b-8248-acffefcdf1f6,deferent.juegos,available,368.98,478.98,medium,low,8,namecheap,,,13/08/2026 23:17
7380a1c6-b737-4883-9dcd-315ac8bcbc1f,thb.juegos,available,599.99,599.99,high,low,3,name.com,,,21/09/2026 14:19
41b2300b-686b-4f09-8e86-1947b5f28b92,lesley.juegos,available,309.47,309.47,medium,low,6,porkbun,,,28/09/2026 21:55
04dc701d-b2c0-472b-85a3-9e4d2bb4fda5,shoeless.juegos,available,368.98,478.98,medium,low,8,namecheap,,,08/08/2026 19:04
e659e5a9-a1ac-47ec-b7dd-8edf8b6cc69c,boris.juegos,available,368.98,478.98,high,low,5,namecheap,,,25/09/2026 20:39
854d11cc-1574-4410-acb6-dcff1a873eda,flyer.juegos,available,368.98,478.98,high,low,5,namecheap,,,11/08/2026 05:11
842d88ea-09ec-41fd-a9dd-032c653f048d,earn.juegos,available,321.22,321.22,high,low,4,dynadot,,,29/09/2026 20:44
b78e6c2c-3fcd-486a-9621-a749b17ea689,curly.juegos,available,368.98,478.98,high,low,5,namecheap,,,13/08/2026 11:23
e1ba7abc-5f13-45db-86b1-1a0f1b1b76cd,internets.juegos,available,321.22,321.22,medium,low,9,dynadot,,,28/09/2026 02:35
0962c59a-b0aa-4f30-bb5f-8773700d9a6c,dread.juegos,available,368.98,478.98,high,low,5,namecheap,,,14/08/2026 18:38
a376814f-099a-4d7e-9a40-a5879a817fef,fatty.juegos,available,368.98,478.98,high,low,5,namecheap,,,17/08/2026 23:52
910ca3fd-96a7-4b28-91d8-603aa20f36ef,bibulous.juegos,available,368.98,478.98,low,low,8,namecheap,,,09/08/2026 18:58
5c070ef6-4e40-4cd3-9243-f954a44ee140,prostyle.juegos,available,368.98,478.98,medium,low,8,namecheap,,,09/09/2026 04:01
bd85447a-96c1-4b44-ac93-7af393719be2,congested.juegos,available,368.98,478.98,medium,low,9,namecheap,,,12/08/2026 21:46
b8f10adf-0db4-4031-a042-94339eccfca7,thumping.juegos,available,368.98,478.98,high,low,8,namecheap,,,08/08/2026 13:08
44bfbe82-8222-4c1a-a693-45956ae0f09e,antonio.juegos,available,321.22,321.22,high,low,7,dynadot,,,28/09/2026 03:49
60fb4f20-3222-42d2-97c0-c4c8b8ec34cd,belatedly.juegos,available,368.98,478.98,medium,low,9,namecheap,,,22/08/2026 20:25
a33a0509-2d53-44e7-8a38-aab5035945fe,dubai.juegos,available,368.98,478.98,high,medium,5,namecheap,,,28/09/2026 13:55
6f3f6409-896d-4221-89bc-156f51456830,fad.juegos,available,368.98,478.98,high,low,3,namecheap,,,24/09/2026 19:13
294c6189-4dfb-4271-8a44-e95d62a84a85,hosts.juegos,available,368.98,478.98,medium,low,5,namecheap,,,18/09/2026 22:23
e62e0357-8ebb-46c0-84c3-77e8cedacde3,angela.juegos,available,368.98,478.98,high,low,6,namecheap,,,25/09/2026 13:41
ca5571c1-1c27-4601-9709-0b765175b6e5,arak.juegos,available,368.98,478.98,medium,low,4,namecheap,,,19/09/2026 23:47
958c213f-7a6c-4dc8-980b-cd0dbc6e0448,persona.juegos,available,321.22,321.22,high,medium,7,dynadot,,,29/09/2026 19:57
7c2186d1-44d3-40f7-a68f-2bc88f43f54e,captive.juegos,available,368.98,478.98,high,low,7,namecheap,,,
6dde7de3-11be-45c9-a9ac-3a2bb13b5e02,gladiolus.juegos,available,368.98,478.98,high,low,9,namecheap,,,19/08/2026 00:06
9b173b28-da20-47f4-991a-2db41094ed46,rumble.juegos,available,368.98,478.98,high,low,6,namecheap,,,20/08/2026 20:36
010279a8-9297-4573-a45c-8952d3b06000,biaxial.juegos,available,368.98,478.98,medium,low,7,namecheap,,,09/08/2026 18:44
6753f235-f5b7-4bce-96ed-7025bf7c93eb,branched.juegos,available,368.98,478.98,high,low,8,namecheap,,,09/08/2026 20:12
eafabb31-d5f7-413b-8bb2-a8b33233e45c,unforced.juegos,available,368.98,478.98,medium,low,8,namecheap,,,12/09/2026 05:40
cc559597-1ece-4bbe-a1cc-d42106dd8488,adamant.juegos,available,368.98,478.98,high,low,7,namecheap,,,
e9c0c033-b5e6-4669-b9a1-78386e74e8b5,beetle.juegos,available,368.98,478.98,high,low,6,namecheap,,,09/08/2026 08:17
8a108f2e-6401-47a6-8da8-a6aae8ef7c48,filmy.juegos,available,368.98,478.98,high,low,5,namecheap,,,12/08/2026 14:28
9605970e-853d-4318-ada0-b1e0d5fed2bc,holes.juegos,available,478.98,,high,low,5,namecheap,,,
d2b1dfc9-6a99-4412-8e1f-daa04440b823,madly.juegos,available,368.98,478.98,medium,low,5,namecheap,,,14/09/2026 09:19
5574c21b-b524-4458-a14f-9f89e01415a8,overgrown.juegos,available,368.98,478.98,high,low,9,namecheap,,,04/09/2026 20:42
e0763e58-f050-4aa8-811d-df31bf1b08b9,relevantly.juegos,available,368.98,478.98,medium,low,10,namecheap,,,15/09/2026 22:59
ed645759-c17b-4b3c-a4ad-ebadc712f328,alexandre.juegos,available,309.47,309.47,high,low,9,porkbun,,,27/09/2026 20:05
0e23cf4c-bd23-4531-8898-4a9e3a57ff6c,openly.juegos,available,368.98,478.98,high,low,6,namecheap,,,15/09/2026 17:59
458f36fb-15ca-428c-b5e8-8975cb5f230d,prodigally.juegos,available,368.98,478.98,low,low,10,namecheap,,,15/09/2026 21:38
b3fbccd0-4fb4-40d1-a759-2f6f47f770c9,ormazd.juegos,available,368.98,478.98,medium,low,6,namecheap,,,17/09/2026 20:41
ca0c7310-35c5-4036-9078-b3bf764791d1,hypo.juegos,available,368.98,478.98,high,low,4,namecheap,,,21/08/2026 17:15
4d5cf3d7-3499-42c5-ac92-3ffd2af29a46,odour.juegos,available,368.98,478.98,high,low,5,namecheap,,,20/09/2026 08:26
bdcea726-ea45-41cc-9b08-cd5dcf998b41,mantic.juegos,available,368.98,478.98,medium,low,6,namecheap,,,14/08/2026 13:48
c3cb7dbb-1d4f-43fd-8b36-c706efae77c4,sodden.juegos,available,368.98,478.98,medium,low,6,namecheap,,,10/09/2026 13:24
4c8c6b7a-0767-4396-a1f6-505834fd7e8a,selfish.juegos,available,321.22,321.22,medium,low,7,dynadot,,,27/09/2026 19:59
48fc0227-af5f-4bfb-ac7c-43cadb77fe93,beatnik.juegos,available,368.98,478.98,high,low,7,namecheap,,,22/09/2026 21:43
d3d43691-69e7-46ab-af6c-1e2669e8b546,brazilian.juegos,available,368.98,478.98,high,low,9,namecheap,,,11/08/2026 02:57
0d36b5be-76b5-4455-b59f-b4c5b63dfc34,malcolm.juegos,available,368.98,478.98,high,low,7,namecheap,,,25/09/2026 14:54
e3bc107d-efbf-437b-9707-423397ea6a4d,apostrophe.juegos,available,368.98,478.98,high,low,10,namecheap,,,19/09/2026 19:30
44f11c62-bfa1-492d-afcc-94cd4074d291,phelps.juegos,available,368.98,478.98,high,low,6,namecheap,,,25/09/2026 18:39
8962174d-f0da-44cf-9dd0-735b725d06c7,silky.juegos,available,368.98,478.98,high,low,5,namecheap,,,09/09/2026 21:45
63245232-7d82-40c0-8bd3-a8b336cc1d77,scottsdale.juegos,available,368.98,478.98,high,low,10,namecheap,,,29/09/2026 15:25
f0c9f117-c107-4d40-a0e7-b0f7a751e96e,observant.juegos,available,368.98,478.98,high,low,9,namecheap,,,22/08/2026 21:19
3f8f2167-9577-4c05-a090-14b6882556a3,correctional.juegos,available,368.98,478.98,medium,low,12,namecheap,,,29/09/2026 14:55
e86fef10-fe11-4f45-9186-fdffceaadfc2,remove.juegos,available,368.98,478.98,high,low,6,namecheap,,,21/09/2026 14:40
62523323-537e-4961-bc47-45267ed4b222,columbo.juegos,available,368.98,478.98,medium,low,7,namecheap,,,18/09/2026 19:32
66688174-8454-4d52-b827-db1d87dc956d,whiner.juegos,available,368.98,478.98,medium,low,6,namecheap,,,23/09/2026 06:44
8fa69d0c-8b16-446b-9892-0a19862de5ab,mods.juegos,available,478.98,,high,low,4,namecheap,,,
3dce6970-0b7c-4d0b-bdeb-ce96d609ffd5,distinctive.juegos,available,368.98,478.98,high,low,11,namecheap,,,28/09/2026 20:58
19f194c2-77fd-4d45-8860-1ecfa9a9853b,ship.juegos,available,478.98,,high,low,4,namecheap,,,
e97cad04-a5bd-471b-b1bc-7671a6df5635,daredevil.juegos,available,599.99,599.99,high,low,9,name.com,,,13/08/2026 17:43
0637dad8-bfa4-4a36-adc8-cc80f951cb78,irritating.juegos,available,368.98,478.98,medium,low,10,namecheap,,,
3f517625-e1e4-442e-9844-c3e235352fd4,wily.juegos,available,368.98,478.98,medium,low,4,namecheap,,,13/08/2026 04:38
08faf2d0-c8b1-4d40-b6c9-49bdcd953e36,decreased.juegos,available,368.98,478.98,medium,low,9,namecheap,,,13/08/2026 22:08
8d8898a3-0e99-4bdb-ae84-3f32505a187c,ring.juegos,available,368.98,478.98,high,low,4,namecheap,,,28/09/2026 21:16
c63e30e2-fc5e-44ad-83d4-2a86315754de,most.juegos,available,368.98,478.98,high,low,4,namecheap,,,25/09/2026 21:48
5b420a6d-8b1e-43d4-933e-0512947fa292,arctium.juegos,available,368.98,478.98,medium,low,7,namecheap,,,20/09/2026 02:49
63c045b2-50d9-4826-a783-02596d58e0d5,seat.juegos,available,368.98,478.98,medium,low,4,namecheap,,,09/08/2026 11:32
11f6092b-e048-4326-817d-c8fd37457f8b,olin.juegos,available,309.47,309.47,medium,low,4,porkbun,,,29/09/2026 04:10
28e00202-1a94-4367-a2ef-ef22620934d1,gaba.juegos,available,321.22,321.22,high,low,4,dynadot,,,29/09/2026 12:26
fcdfe231-3d0e-4ee7-9dce-a40c1deb8321,rudderfish.juegos,available,368.98,478.98,medium,low,10,namecheap,,,22/09/2026 01:07
32bedf2d-598e-43c0-afb7-c593f5c55d93,debonnaire.juegos,available,599.99,599.99,medium,low,10,name.com,,,13/08/2026 20:46
6d6e61ab-fc8c-45a9-85cf-331aad9ca98c,phantasy.juegos,available,368.98,478.98,high,low,8,namecheap,,,17/08/2026 21:58
d42593da-fa2f-4c4c-a290-89ff88d74d24,uplifted.juegos,available,368.98,478.98,high,low,8,namecheap,,,12/09/2026 23:11
7b2d36b3-05fc-477e-83f8-3e165ef02596,homely.juegos,available,368.98,478.98,high,low,6,namecheap,,,21/08/2026 11:04
b5809634-d10d-4eca-9be4-dc678c9a917d,metallic.juegos,available,368.98,478.98,high,low,8,namecheap,,,24/08/2026 21:34
82c0d7eb-043e-4d54-b282-07164c58b425,infidelity.juegos,available,368.98,478.98,medium,low,10,namecheap,,,30/09/2026 01:58
b0d4165f-906d-4674-8e48-45c3d63492a0,neighbor.juegos,available,478.98,,high,low,8,namecheap,,,
aec9897b-8f2a-42a4-8eff-c3207a08aae5,hundreds.juegos,available,368.98,478.98,medium,low,8,namecheap,,,25/09/2026 20:33
7a74fbc2-940b-4bb5-b5d3-596cf4882cc7,asunder.juegos,available,368.98,478.98,medium,low,7,namecheap,,,07/08/2026 10:20
dc1b8eb7-ee32-45e8-9cbb-b097e90dd355,backplate.juegos,available,368.98,478.98,medium,low,9,namecheap,,,21/09/2026 15:46
e2bcd74c-406f-4a4a-a7e9-13511776044b,unstuck.juegos,available,368.98,478.98,high,low,7,namecheap,,,12/09/2026 20:40
881726a6-d7b2-447b-8cdf-eb6fcef848a2,joyful.juegos,available,368.98,478.98,high,low,6,namecheap,,,20/08/2026 14:22
f29405b6-f108-46e7-8d4f-3d436c9c9dae,gallant.juegos,available,368.98,478.98,high,low,7,namecheap,,,12/08/2026 06:16
7cb9f7ac-4078-40e3-b532-b1de9fec9202,apogean.juegos,available,368.98,478.98,medium,low,7,namecheap,,,06/08/2026 01:57
2710fc3f-7f30-49a0-95c9-854750634297,elated.juegos,available,368.98,478.98,high,low,6,namecheap,,,16/08/2026 00:44
3d03b31e-8809-4eb6-b943-3139d80d6bd4,bercy.juegos,available,368.98,478.98,medium,low,5,namecheap,,,23/09/2026 09:16
8fd28727-797b-41ca-ac62-2d0ac7811b52,wakeful.juegos,available,368.98,478.98,medium,low,7,namecheap,,,04/09/2026 16:03
904a5e61-289d-4287-b593-b64f2a44752c,worthless.juegos,available,368.98,478.98,medium,low,9,namecheap,,,14/08/2026 04:07
f064cc62-4b0c-476d-b78c-7f81cef24c41,fluvial.juegos,available,368.98,478.98,high,low,7,namecheap,,,18/08/2026 09:35
2fbcda42-bcfe-4bf0-b44c-a3484c3653af,unlovable.juegos,available,368.98,478.98,medium,low,9,namecheap,,,12/09/2026 15:08
e4b25b52-ce23-4624-949d-b487d63c9ff4,romp.juegos,available,368.98,478.98,high,low,4,namecheap,,,09/09/2026 19:26
5ba40b9d-3420-4719-8f76-a3e3fd4047de,archibald.juegos,available,368.98,478.98,medium,low,9,namecheap,,,25/09/2026 18:45
df39870c-3205-4497-83ab-4ab38a47489d,stemmed.juegos,available,368.98,478.98,medium,low,7,namecheap,,,11/08/2026 22:33
97dae220-9844-4717-9a05-85ee997caaa3,sumbody.juegos,available,478.98,,low,low,7,namecheap,,,
4648396f-37be-4ec8-9bb6-99713f00e0bf,navigate.juegos,available,309.47,309.47,high,low,8,porkbun,,,28/09/2026 20:45
1fc31f9a-c3ec-49d8-92d3-5c7b21d27d8c,mettlesome.juegos,available,368.98,478.98,medium,low,10,namecheap,,,24/08/2026 22:10
87bb06d6-58b3-4ef2-a066-dd2b21c768b4,metcalfe.juegos,available,368.98,478.98,high,low,8,namecheap,,,29/09/2026 17:48
2224a1be-8585-4082-adaa-9dad9de12c4a,maharashtra.juegos,available,309.47,309.47,medium,low,11,porkbun,,,29/09/2026 03:41
9d2475b7-e6f4-4acc-bb17-932cb79466a5,assume.juegos,available,368.98,478.98,high,low,6,namecheap,,,27/09/2026 08:58
7d354f0f-2f75-4201-8170-f54f6ff1e140,malcontent.juegos,available,368.98,478.98,medium,low,10,namecheap,,,14/08/2026 09:23
c0e43dd7-f016-4162-88ae-1a8b03d22233,homophile.juegos,available,368.98,478.98,high,low,9,namecheap,,,18/08/2026 20:56
da96dc1c-6a2b-47fa-b960-a0de14a8445c,amused.juegos,available,368.98,478.98,high,low,6,namecheap,,,
2b6ded81-e255-41b9-932f-71ed9a3ac2de,peanuts.juegos,available,309.47,309.47,high,low,7,porkbun,,,28/09/2026 02:53
505296ba-42f6-44f0-907d-c98df3160a5b,venous.juegos,available,368.98,478.98,medium,low,6,namecheap,,,13/09/2026 02:10
a67f07f6-80ef-4320-8b07-b288698febc9,spreadsheet.juegos,available,478.98,,high,low,11,namecheap,,,
76fdd5cb-0565-4669-b281-8da7f067423b,vindictive.juegos,available,368.98,478.98,medium,low,10,namecheap,,,14/08/2026 04:21
2a344733-b01d-44fd-96fb-0497dc67caa4,votive.juegos,available,368.98,478.98,medium,low,6,namecheap,,,13/09/2026 07:17
86401bcd-e5aa-49cc-b26e-8b0768e23896,catechu.juegos,available,368.98,478.98,medium,low,7,namecheap,,,16/09/2026 20:04
22b6fad2-9120-4d19-8173-b5e9bdd08b4a,planning.juegos,available,478.98,,high,low,8,namecheap,,,
2c3c25e7-741a-470e-9906-af3a573568dc,abstinence.juegos,available,368.98,478.98,high,low,10,namecheap,,,16/09/2026 18:24
411f2132-c8ca-4bed-abe6-dcde63904b33,warmly.juegos,available,368.98,478.98,high,low,6,namecheap,,,13/09/2026 08:17
2032ac0c-76fb-4a8f-bf18-bf23bc4c8395,alvine.juegos,available,368.98,478.98,medium,low,6,namecheap,,,
07742f0e-8192-40a2-b9de-78f9b236a16f,transmitter.juegos,available,368.98,478.98,high,low,11,namecheap,,,28/09/2026 15:46
3fc35680-99b7-4850-8cd6-b17bd4016e5e,categorically.juegos,available,478.98,,medium,low,13,namecheap,,,
abc43524-df87-438f-a49f-f72c08702868,triangular.juegos,available,368.98,478.98,high,low,10,namecheap,,,11/09/2026 14:30
67ce3009-2d9f-44c6-99f8-58928d269484,superlunar.juegos,available,368.98,478.98,medium,low,10,namecheap,,,11/09/2026 02:21
fa0fafb0-d742-4e78-a69a-0e7090e95a04,kidding.juegos,available,368.98,478.98,high,low,7,namecheap,,,29/09/2026 03:02
f7c637a6-e657-429d-bd29-1669f3b293fa,nosocomial.juegos,available,368.98,478.98,low,low,10,namecheap,,,03/09/2026 21:56
478d051b-5c15-446f-adc5-0a815eed609b,motherhood.juegos,available,321.22,321.22,high,low,10,dynadot,,,29/09/2026 19:42
f1857342-69be-4ede-805b-34a070919ca7,acinonyx.juegos,available,368.98,478.98,medium,low,8,namecheap,,,17/09/2026 01:31
7c46183d-bf71-4699-a12f-dae424d3b48d,confront.juegos,available,321.22,321.22,high,low,8,dynadot,,,28/09/2026 09:44
b6e29543-f520-410d-80f9-075604136bde,myoid.juegos,available,368.98,478.98,low,low,5,namecheap,,,03/09/2026 12:10
216fa75e-fa18-481e-892a-8464c3d83cd6,mothy.juegos,available,368.98,478.98,low,low,5,namecheap,,,25/08/2026 07:14
881335af-d07b-436b-88bf-a85d96805b2f,emollient.juegos,available,368.98,478.98,medium,low,9,namecheap,,,14/08/2026 01:39
ee267146-7d85-42f8-8ece-1e00c0840b2a,kvetch.juegos,available,368.98,478.98,medium,low,6,namecheap,,,08/09/2026 20:36
7a622459-28b0-47cf-a1a2-a8f8e83a2c52,stony.juegos,available,368.98,478.98,medium,low,5,namecheap,,,10/08/2026 21:45
8c8a8cca-4e1f-4e9a-ae53-cd60c7c1cdcf,catholicism.juegos,available,478.98,,high,low,11,namecheap,,,
863f9903-7119-434b-a2ad-5576279e07e1,leery.juegos,available,368.98,478.98,medium,low,5,namecheap,,,22/08/2026 22:26
100ffd13-7dbe-45a2-ac29-72af86282d94,survival.juegos,available,309.47,309.47,high,low,8,porkbun,,,27/09/2026 14:56
f3463944-11ad-4d51-afdb-5d4554749222,frore.juegos,available,368.98,478.98,low,low,5,namecheap,,,18/08/2026 16:21
5f666c33-f985-4628-9500-e8cb6ddd5a22,wilfred.juegos,available,368.98,478.98,medium,low,7,namecheap,,,28/09/2026 07:49
b10a7e15-1db8-4265-8773-5e058c8dadd1,enclosed.juegos,available,368.98,478.98,high,low,8,namecheap,,,16/08/2026 22:21
31b6646c-d052-4b9a-99cd-f7c8ee16589d,upriver.juegos,available,368.98,478.98,medium,low,7,namecheap,,,12/09/2026 23:26
92259583-c9c6-4e92-8767-f346dc14c82f,shaky.juegos,available,321.22,321.22,medium,low,5,dynadot,,,27/09/2026 14:56
3acad936-0df7-40b0-935a-bb932ecf6604,blacken.juegos,available,368.98,478.98,medium,low,7,namecheap,,,10/08/2026 11:10
93458522-b945-4738-8e72-28cbd16e510b,humiliation.juegos,available,321.22,321.22,medium,low,11,dynadot,,,28/09/2026 12:26
6024ce10-e43d-4d27-bd41-349551f47edc,blessings.juegos,available,321.22,321.22,medium,low,9,dynadot,,,28/09/2026 17:50
44b20680-e19a-4fa3-9310-bad88b96b892,humdrum.juegos,available,368.98,478.98,medium,low,7,namecheap,,,21/08/2026 15:05
387d91bc-35ae-4e44-9e3b-e25cbd15445b,focussed.juegos,available,368.98,478.98,high,low,8,namecheap,,,18/08/2026 09:47
048c1ca4-d5b3-4f68-acde-c43f2fa87159,thumbed.juegos,available,368.98,478.98,medium,low,7,namecheap,,,11/09/2026 15:04
51fc3acf-93ae-4a84-9269-859b863c7815,graven.juegos,available,368.98,478.98,medium,low,6,namecheap,,,17/08/2026 07:43
da125c35-13c6-4a4d-a56b-953fb97600f0,ackack.juegos,available,368.98,478.98,medium,low,7,namecheap,,,
ee2c2908-a85a-4c8c-a9cd-4aa7e27170b8,elementary.juegos,available,368.98,478.98,high,low,10,namecheap,,,16/08/2026 03:31
15889faf-2580-4b87-b3b3-f5e1025374ca,activating.juegos,available,368.98,478.98,high,low,10,namecheap,,,
c3a10b78-b0ba-4883-a407-5c22af8c72c9,autochthon.juegos,available,368.98,478.98,medium,low,10,namecheap,,,21/09/2026 06:02
76985666-e2fc-439f-a6a8-44f6c03b2c69,escaping.juegos,available,321.22,321.22,high,low,8,dynadot,,,28/09/2026 21:14
7d260e14-bcc9-47a8-ab8b-d8e59083727a,died.juegos,available,478.98,,low,low,4,namecheap,,,
2d9e5f47-3695-4bdb-9cf1-dadc327c428d,indate.juegos,available,478.98,,medium,low,7,namecheap,,,
98940900-2ac9-40f6-8c37-629e4f314010,artless.juegos,available,368.98,478.98,medium,low,7,namecheap,,,06/08/2026 23:47
d361fe4f-538d-4434-811e-44213fcb8df2,lapsed.juegos,available,368.98,478.98,medium,low,6,namecheap,,,22/08/2026 19:47
8ecefb63-72a3-4689-949f-71a3289897a4,strangers.juegos,available,368.98,478.98,medium,low,9,namecheap,,,
ea71099a-d19b-418e-8d6f-22b47e8bbfbe,convicted.juegos,available,321.22,321.22,medium,low,9,dynadot,,,27/09/2026 23:23
428b63c1-cf09-4dcc-8a38-594330cc3548,sabbatical.juegos,available,368.98,478.98,high,low,10,namecheap,,,09/09/2026 20:30
b8eea213-1ab6-44b8-a375-1355aeaf7139,ugh.juegos,available,478.98,,medium,low,3,namecheap,,,
c16ebeb5-e4cf-4c1c-8290-0b3decfae46f,time.juegos,available,321.22,321.22,high,medium,4,dynadot,,,28/09/2026 12:16
6321f1b9-d968-4256-b20c-904a27ac58e4,piecemeal.juegos,available,368.98,478.98,high,low,9,namecheap,,,10/08/2026 07:07
edd165c1-92e4-484e-ac7c-eb6eaa411718,westbound.juegos,available,368.98,478.98,high,low,9,namecheap,,,13/09/2026 10:51
8ad31ddf-aa32-4ada-a97d-71489b73011c,endearing.juegos,available,368.98,478.98,high,low,9,namecheap,,,21/09/2026 19:24
fbd69a99-1117-4828-82b2-f12e4f7606e8,pounding.juegos,available,368.98,478.98,high,low,8,namecheap,,,11/09/2026 14:51
879225e3-1953-480d-bc10-86e7c29124a1,tottenham.juegos,available,368.98,478.98,medium,low,9,namecheap,,,29/09/2026 22:19
05af042b-fb5c-45b9-b7d9-3707d05b3ba7,outlander.juegos,available,368.98,478.98,medium,low,9,namecheap,,,
fafa2b3f-ad1e-4d6e-befd-7b351c22c05a,cottony.juegos,available,368.98,478.98,medium,low,7,namecheap,,,13/08/2026 03:26
6efe3e99-46b4-440b-a113-4df890d84df6,learn.juegos,available,478.98,,high,medium,5,namecheap,,,
b88c14e4-23f3-4531-8f70-aeda0a709cba,brake.juegos,available,368.98,478.98,medium,low,5,namecheap,,,24/09/2026 08:06
f07d7bfc-02d6-4845-82ab-f115829c8915,inexorable.juegos,available,368.98,478.98,medium,low,10,namecheap,,,
aa395af0-b30a-4bdb-8e66-1997dccaece7,outflank.juegos,available,368.98,478.98,high,low,8,namecheap,,,09/08/2026 17:48
818228d1-cc45-4439-b149-a94c83a2dfca,centered.juegos,available,368.98,478.98,high,low,8,namecheap,,,12/08/2026 00:03
4ad2cce0-e3f4-437e-88bc-6dd6ebe93b4e,offenses.juegos,available,368.98,478.98,low,low,8,namecheap,,,20/09/2026 10:35
92c8472b-893e-4703-b28f-ecb92c0d03e6,ravaged.juegos,available,368.98,478.98,medium,low,7,namecheap,,,14/08/2026 04:29
fbaec0a5-298e-403c-9430-8f345b458c22,trial.juegos,available,478.98,,high,low,5,namecheap,,,
784e0a61-da08-4de0-8b5e-1d0dec716583,abbatial.juegos,available,368.98,478.98,medium,low,8,namecheap,,,
5045eea8-e4eb-4dc7-81a2-f47f56123a23,lawless.juegos,available,368.98,478.98,medium,low,7,namecheap,,,
f504c316-7ac6-434d-b425-96c0654b3119,underway.juegos,available,368.98,478.98,high,low,8,namecheap,,,12/09/2026 07:42
a2f5e9ac-8032-4b9f-bd55-d39678fe0e00,swingy.juegos,available,368.98,478.98,medium,low,6,namecheap,,,23/08/2026 09:29
09c8a4a5-d35a-458a-b5d3-b4f2379cd3e0,garbage.juegos,available,368.98,478.98,high,low,7,namecheap,,,25/09/2026 00:12
aa9be067-80f0-4a63-9cc8-91a7e2d3a27f,ben.juegos,available,309.47,309.47,high,medium,3,porkbun,,,29/09/2026 02:04
5c347233-d780-4183-9b45-419b7bd198e0,rotation.juegos,available,309.47,309.47,high,low,8,porkbun,,,29/09/2026 21:53
800c12ee-5e6c-4bb4-822d-4360a7d6ddd4,larceny.juegos,available,368.98,478.98,high,low,7,namecheap,,,11/09/2026 13:18
82a2c0d8-4d59-4a67-9c68-709b54d516dd,excuses.juegos,available,321.22,321.22,medium,low,7,dynadot,,,28/09/2026 23:11
8ea8ac5d-cc49-4eca-b631-ca9c4391cde3,ttyl.juegos,available,478.98,,medium,low,4,namecheap,,,
a7148868-8d6c-4358-b6d6-d57e6177ecb6,joints.juegos,available,368.98,478.98,medium,low,6,namecheap,,,20/09/2026 03:38
040ecdd4-25c8-49ec-b9c3-c25e34cce5b5,cairo.juegos,available,309.47,309.47,high,low,5,porkbun,,,28/09/2026 19:56
e11d1661-67cd-41fb-a277-d502660b10a7,footed.juegos,available,368.98,478.98,medium,low,6,namecheap,,,18/08/2026 10:43
31e5999a-de99-4d54-b1ae-710977d54ed2,subdivision.juegos,available,309.47,309.47,high,low,11,porkbun,,,29/09/2026 21:00
dd391fab-e5b3-439f-aeea-db8590ae5e9e,crooked.juegos,available,368.98,478.98,medium,low,7,namecheap,,,13/08/2026 07:51
ef9ea41c-5550-4141-ad8c-f257b37ccf64,disagreed.juegos,available,321.22,321.22,low,low,9,dynadot,,,29/09/2026 16:32
65d6b112-b68d-475c-9081-d8488fa6dcde,juliet.juegos,available,321.22,321.22,high,low,6,dynadot,,,28/09/2026 03:46
9b6a35dc-aab8-43cd-8a82-dfb1294e81ea,decades.juegos,available,368.98,478.98,low,low,7,namecheap,,,28/09/2026 13:15
281a2f2e-ec93-4fd7-ad68-0e8b2bd2d972,australasian.juegos,available,368.98,478.98,medium,low,12,namecheap,,,29/09/2026 03:04
d5f38273-ce51-467c-9ec6-b5e3bfa693e4,hai.juegos,available,309.47,309.47,high,low,3,porkbun,,,27/09/2026 16:50
877f7adb-f255-492c-9375-eca145c24089,rusty.juegos,available,368.98,478.98,high,low,5,namecheap,,,04/09/2026 18:46
0d95df7b-5ca0-4413-b8e8-af8a9e26ad07,bitty.juegos,available,368.98,478.98,high,low,5,namecheap,,,10/08/2026 07:51
4f5b9f77-a1a6-42e4-9cd6-e439e9736e46,boundary.juegos,available,368.98,478.98,high,low,8,namecheap,,,23/09/2026 01:32
d523ce63-9314-40ec-9f1f-2e4e570b5541,berserk.juegos,available,368.98,478.98,medium,low,7,namecheap,,,
ac65f68c-2f16-4698-b190-5165627daef9,bionic.juegos,available,368.98,478.98,high,low,6,namecheap,,,10/08/2026 02:17
4a77d6a3-207e-4e47-b55c-ad7bf0a4248b,fort.juegos,available,309.47,309.47,high,low,4,porkbun,,,29/09/2026 19:57
6e7ed1c1-125d-4327-af29-34fcdd95292d,seized.juegos,available,478.98,,medium,low,6,namecheap,,,
4b860987-ce5e-4c08-897a-692a33e1fed3,keys.juegos,available,478.98,,high,medium,4,namecheap,,,
10d48cfc-7841-4210-a808-e41573600f79,field.juegos,available,368.98,478.98,high,medium,5,namecheap,,,27/09/2026 03:55
fd3c9510-c766-4f92-9da6-f38f0f237dd8,gingerly.juegos,available,368.98,478.98,high,low,8,namecheap,,,18/08/2026 23:55
5c1739d8-5f7d-4e82-9df1-f200cb8ef8e6,epidermal.juegos,available,599.99,599.99,medium,low,9,name.com,,,13/08/2026 13:06
cf7585d6-9b6d-4531-bd62-60645d304445,closely.juegos,available,368.98,478.98,medium,low,7,namecheap,,,28/09/2026 14:00
3b82cf00-10c7-4cde-bd7a-44ab5ab0961f,polemic.juegos,available,368.98,478.98,medium,low,7,namecheap,,,08/09/2026 22:51
2e54ff06-8f18-4976-81db-524b92fcd571,orally.juegos,available,368.98,478.98,medium,low,6,namecheap,,,15/09/2026 18:11
920b7965-4970-4632-9d67-ca313dcba7c5,education.juegos,available,321.22,321.22,high,low,9,dynadot,,,28/09/2026 03:03
c5476b47-62c9-48ca-aeac-96bc2315b6c4,subarctic.juegos,available,368.98,478.98,medium,low,9,namecheap,,,10/09/2026 23:36
e642ae46-9c3b-4360-81a5-89d533762e1c,racetrack.juegos,available,478.98,,high,low,10,namecheap,,,
80a9001d-375d-4366-8034-b6b329dccc3b,xxix.juegos,available,368.98,478.98,medium,low,4,namecheap,,,
2deef4b3-4d94-43c0-9db0-d407a861b8c2,lxxxiv.juegos,available,368.98,478.98,medium,low,6,namecheap,,,
561e3fdc-ed48-4d85-a2ec-a74e2942f8a6,thirteenth.juegos,available,368.98,478.98,high,low,10,namecheap,,,
0c6d88be-ddea-4e25-aa94-2dc66fbcbf0d,beliefs.juegos,available,321.22,321.22,medium,low,7,dynadot,,,28/09/2026 17:24
6df29edf-d4c4-4323-a0aa-5e0b25c34a5a,buzzed.juegos,available,478.98,,high,low,6,namecheap,,,
dc7d57e1-0482-466e-9a39-b6fbfd7d5c35,scenario.juegos,available,321.22,321.22,high,low,8,dynadot,,,28/09/2026 06:43
565ee6ae-021a-4bee-80b0-261015cefab9,slithering.juegos,available,368.98,478.98,medium,low,10,namecheap,,,10/09/2026 11:07
e120cde4-615f-48ca-b573-dbe9722e96a5,frost.juegos,available,368.98,478.98,high,low,5,namecheap,,,21/08/2026 10:05
5a026fdc-d6df-40d2-9fc5-aa3bc818fd62,messianic.juegos,available,368.98,478.98,high,low,9,namecheap,,,24/08/2026 21:22
56f2aaa4-6988-4bc1-862e-7ec190f648ee,perplexed.juegos,available,368.98,478.98,medium,low,9,namecheap,,,08/09/2026 17:56
53880a6b-8425-40a6-84a0-0fe2300c4364,brooke.juegos,available,368.98,478.98,high,low,6,namecheap,,,25/09/2026 02:29
b43f9d42-8d4b-4809-a9a3-be1a9fdb3cad,apocrypha.juegos,available,368.98,478.98,medium,low,9,namecheap,,,19/09/2026 18:13
be231901-db3c-4f2a-8c80-e26b08a94880,objectively.juegos,available,478.98,,high,low,11,namecheap,,,
e30b9f5f-110d-455d-9c4b-2c68388a803f,foursome.juegos,available,368.98,478.98,high,low,8,namecheap,,,
e01ec796-8bea-492b-893f-f125fbad6fa8,handsomely.juegos,available,368.98,478.98,high,low,10,namecheap,,,14/09/2026 22:57
a6430ef8-3024-442d-8a60-4f6fabe9f246,carelessly.juegos,available,368.98,478.98,medium,low,10,namecheap,,,14/09/2026 05:19
a97156b3-dcc4-479f-adb4-d8c606156388,ain.juegos,available,368.98,478.98,high,low,3,namecheap,,,
e49d102b-16fa-437f-bd61-9166f08d628d,repand.juegos,available,368.98,478.98,medium,low,6,namecheap,,,09/09/2026 14:25
ac6df713-7187-4033-a548-5ba6e79ea72d,labor.juegos,available,321.22,321.22,high,low,5,dynadot,,,28/09/2026 07:28
8f04c06e-5072-48eb-97cf-b5081a908072,brute.juegos,available,368.98,478.98,high,low,5,namecheap,,,
d261a1e6-2232-42d3-94f7-17f28cac9dec,unharmed.juegos,available,368.98,478.98,high,low,8,namecheap,,,12/09/2026 12:00
e51513fb-2f06-46fa-8202-3d045bdcc355,oreo.juegos,available,478.98,,high,low,4,namecheap,,,
a75a83e3-13e3-4043-afe6-92ca9140ec86,tacky.juegos,available,368.98,478.98,medium,low,5,namecheap,,,18/08/2026 06:41
381494ff-0b34-47f3-affc-5afff8934023,dandified.juegos,available,599.99,599.99,medium,low,9,name.com,,,13/08/2026 17:01
21852ba8-1fdb-4258-aecd-da1216c67f28,consistent.juegos,available,368.98,478.98,high,low,10,namecheap,,,12/08/2026 16:01
b2f12cc6-ae68-47f2-b777-fb6cbd98c564,birdfeeder.juegos,available,368.98,478.98,medium,low,10,namecheap,,,23/09/2026 19:53
3ee3e3e5-8368-420b-8cce-c98e459262a0,anecdote.juegos,available,368.98,478.98,high,low,8,namecheap,,,19/09/2026 05:07
6cfabaaa-22f0-4a3f-b2e2-01762e48a740,speedily.juegos,available,368.98,478.98,medium,low,8,namecheap,,,13/09/2026 20:19
572970c4-834d-49c3-a9dd-636234b374ad,nacreous.juegos,available,368.98,478.98,medium,low,8,namecheap,,,03/09/2026 12:37
b494d088-f29c-4436-a52e-bd75141fc61c,dearest.juegos,available,368.98,478.98,high,low,7,namecheap,,,09/08/2026 13:50
0eac41d8-69dc-4fce-94cd-62cb0be0771b,hated.juegos,available,368.98,478.98,medium,low,5,namecheap,,,14/08/2026 04:14
e9ab94f6-4c60-4d40-9d2e-5e51fc049fa1,reptilian.juegos,available,368.98,478.98,medium,low,9,namecheap,,,09/09/2026 14:40
e84cd3ab-bc33-48be-8093-f250abf0b9a9,hanoi.juegos,available,309.47,309.47,high,low,5,porkbun,,,29/09/2026 07:17
79e98f87-5e3d-4c28-8d02-2a1dfb27dd46,horned.juegos,available,368.98,478.98,medium,low,6,namecheap,,,21/08/2026 14:04
abc59d36-f585-4d09-95b3-92706fa167b3,ayurveda.juegos,available,599.99,599.99,high,low,8,name.com,,,21/09/2026 10:52
7714d070-ee56-4187-83f0-c4336e7bd244,antidotal.juegos,available,368.98,478.98,medium,low,9,namecheap,,,
011b05f1-e837-4a3b-a82d-356913f11341,morley.juegos,available,368.98,478.98,high,low,6,namecheap,,,25/09/2026 05:08
b4c1dc5a-ccb5-4bab-9bc2-bd711a715f8f,precision.juegos,available,321.22,321.22,high,low,9,dynadot,,,28/09/2026 15:06
159eeca3-7c52-4bb0-88a0-c35cc34514d8,literature.juegos,available,368.98,478.98,high,low,10,namecheap,,,24/08/2026 02:03
47b20bcf-4337-4792-ad0c-66edca1cbd1f,miniature.juegos,available,368.98,478.98,high,low,9,namecheap,,,24/08/2026 23:48
4e459795-35bd-4d43-8a75-0a6aa57cf910,hoard.juegos,available,368.98,478.98,medium,low,5,namecheap,,,12/08/2026 16:57
ef65a21e-c77a-4544-afbd-1982dfd32e10,obedient.juegos,available,368.98,478.98,high,low,8,namecheap,,,03/09/2026 23:30
992ca45b-430f-495c-8b70-8df73d55269e,depend.juegos,available,478.98,,high,low,6,namecheap,,,
84f6f588-e178-451d-bb8d-07872ba7c436,vixenish.juegos,available,368.98,478.98,medium,low,8,namecheap,,,13/09/2026 06:24
c8226a96-e338-4f06-a38e-9ca735b86a19,quarry.juegos,available,321.22,321.22,high,low,6,dynadot,,,29/09/2026 12:13
83a34151-b584-426b-9205-d736415ad765,dinkey.juegos,available,368.98,478.98,medium,low,6,namecheap,,,14/08/2026 08:16
a0887023-4bb0-4d17-b8a9-53b8c0a10f4f,peacemaker.juegos,available,368.98,478.98,high,low,10,namecheap,,,24/09/2026 10:53
d7fbd17d-0d3c-4666-adde-30ac77c8728b,plutonian.juegos,available,368.98,478.98,medium,low,9,namecheap,,,20/08/2026 21:34
abd2955d-1e16-4642-94be-1fd175b7853e,obstinate.juegos,available,368.98,478.98,medium,low,9,namecheap,,,13/08/2026 12:17
4f01890a-74cc-40cf-8352-732195d2b924,unmerciful.juegos,available,368.98,478.98,medium,low,10,namecheap,,,24/08/2026 20:38
50a197b3-6db6-4e55-84b2-118414a71f2d,est.juegos,available,368.98,478.98,high,low,3,namecheap,,,28/09/2026 01:49
cd809bb1-1f50-4161-8604-1a8f3346c780,unpatented.juegos,available,368.98,478.98,medium,low,10,namecheap,,,12/09/2026 16:29
87da1dff-29da-4ee2-a7d9-115f8f720bc5,detached.juegos,available,368.98,478.98,medium,low,8,namecheap,,,24/09/2026 07:07
4dbba37d-a824-4f81-b1ad-027f005274e1,troglodyte.juegos,available,368.98,478.98,medium,low,10,namecheap,,,09/09/2026 11:43
3a9f6bc0-311c-4c60-b1af-22b6f8568c26,twofold.juegos,available,368.98,478.98,medium,low,7,namecheap,,,14/08/2026 16:39
f41149d7-d8a7-4bdd-ab3c-649db74a7539,basting.juegos,available,368.98,478.98,medium,low,7,namecheap,,,22/09/2026 12:43
0bdad0b4-2f8c-4325-ac34-e6e7f3ba466a,motorist.juegos,available,368.98,478.98,high,low,8,namecheap,,,21/09/2026 07:26
e93d1ac5-cbb6-4561-9b68-ae84abc383ef,cynic.juegos,available,368.98,478.98,high,low,5,namecheap,,,24/09/2026 20:49
56bfcf5f-e8d1-4561-b6cd-875d4923e10e,cursively.juegos,available,368.98,478.98,medium,low,9,namecheap,,,14/09/2026 10:07
f0e133b0-a81c-4eb0-bbf0-7da47b768f57,roguish.juegos,available,368.98,478.98,medium,low,7,namecheap,,,10/08/2026 11:58
345147cf-adab-4e5d-a3df-cbf8a3b7384f,tricolour.juegos,available,368.98,478.98,high,low,9,namecheap,,,11/09/2026 19:27
93a92769-e7c8-4fb0-ba5a-da426b6710dc,milch.juegos,available,368.98,478.98,medium,low,5,namecheap,,,24/08/2026 22:55
82eb7547-d0e5-4cac-911f-82f7f179512d,sedate.juegos,available,368.98,478.98,high,low,6,namecheap,,,20/08/2026 18:40
6c89f69f-5fc7-439b-a685-f2fd6b94c330,cookies.juegos,available,321.22,321.22,high,low,7,dynadot,,,27/09/2026 23:29
8cf9b90d-eff0-447c-99cd-5c483791dcdb,hadal.juegos,available,368.98,478.98,medium,low,5,namecheap,,,20/08/2026 21:30
183ab9a2-4b40-41f8-8dd2-910073312e3e,ruthenium.juegos,available,368.98,478.98,medium,low,9,namecheap,,,20/09/2026 23:08
85e76aad-25ea-43cc-a737-af176be59284,cummings.juegos,available,368.98,478.98,medium,low,8,namecheap,,,25/09/2026 04:27
653e3304-543b-4ac0-88c7-ef5c4f4a2ba6,antiviral.juegos,available,368.98,478.98,high,low,9,namecheap,,,05/08/2026 20:06
61c7ca28-b866-402e-b176-4ecebe89ca50,fleeting.juegos,available,368.98,478.98,high,low,8,namecheap,,,18/08/2026 07:51
df762dd5-2016-47e7-859c-6c076279fc0f,disunite.juegos,available,368.98,478.98,medium,low,8,namecheap,,,14/08/2026 11:14
71d09141-dc19-4986-83c6-922ea702e052,baisa.juegos,available,368.98,478.98,medium,low,5,namecheap,,,21/09/2026 19:36
2b60fd3e-50bd-490c-81b1-33016d8f67c8,zoic.juegos,available,368.98,478.98,medium,low,4,namecheap,,,13/09/2026 15:25
a0e1871f-118a-4652-bc57-0b9160cdfe06,whiz.juegos,available,368.98,478.98,high,low,4,namecheap,,,21/09/2026 18:01
1e4f8eba-c9fd-4e67-b6e5-0053760d849e,injury.juegos,available,368.98,478.98,high,low,6,namecheap,,,25/09/2026 06:58
2b9a02b5-3b32-4ee9-b60d-3db361f1c785,devoted.juegos,available,368.98,478.98,high,low,7,namecheap,,,24/09/2026 08:04
5b630bea-3706-407d-9eea-d1f4923bce12,regulate.juegos,available,478.98,,high,low,8,namecheap,,,
7cb8bebc-564d-49dc-9b59-607b7a7947e0,norse.juegos,available,368.98,478.98,high,low,5,namecheap,,,03/09/2026 21:11
75c1d00f-3fce-42aa-a8be-6a395b29e9a0,dysgenic.juegos,available,368.98,478.98,low,low,8,namecheap,,,11/08/2026 12:30
48f80650-f67c-4efd-a531-bf86cec27527,surveys.juegos,available,368.98,478.98,high,low,7,namecheap,,,17/09/2026 07:59
34be3130-d78e-49f8-b6b5-c6cfc5397c18,her.juegos,available,478.98,,high,low,3,namecheap,,,
7dc705cf-eedb-4fec-a81a-18fe7c83fae6,genre.juegos,available,321.22,321.22,high,low,5,dynadot,,,29/09/2026 07:04
9a4e8425-f401-4193-b2f1-2f6202910b6d,midland.juegos,available,368.98,478.98,high,low,7,namecheap,,,24/08/2026 22:36
3e2cf54a-3a11-4767-8fa8-3c0e0f00e156,liberian.juegos,available,368.98,478.98,medium,low,8,namecheap,,,23/08/2026 00:47
c7b1bb5e-a036-46e0-8f8b-304bf1a7aa33,plated.juegos,available,368.98,478.98,high,low,6,namecheap,,,17/09/2026 05:15
b52b5fce-59eb-408c-9b0e-becb215ad347,scruffy.juegos,available,368.98,478.98,medium,low,7,namecheap,,,10/09/2026 00:25
74a15b79-4ef4-49bc-b90e-dd9f67de82d5,noble.juegos,available,368.98,478.98,high,low,5,namecheap,,,08/08/2026 20:18
5cf89286-7d12-424d-b03d-89792af62be5,crimes.juegos,available,478.98,,high,low,6,namecheap,,,
e21e6844-aa27-4c3f-bdb1-0b68959d14a7,spreading.juegos,available,368.98,478.98,high,low,9,namecheap,,,10/09/2026 16:45
02bff2ca-4cf4-45f8-808e-ab02d0eca49a,highly.juegos,available,368.98,478.98,medium,low,6,namecheap,,,28/09/2026 14:51
701c7c28-3a6a-4ad3-b91c-bf7428a672e6,german.juegos,available,368.98,478.98,high,low,6,namecheap,,,18/08/2026 22:44
4ac95098-0026-4a8e-9795-d0dbc33316d3,coaching.juegos,available,368.98,478.98,high,low,8,namecheap,,,28/09/2026 10:49
2a80a999-7561-4bb5-aa78-d65d06943722,revolutionary.juegos,available,368.98,478.98,high,low,13,namecheap,,,28/09/2026 07:08
e82e558e-7010-4958-af67-5c0f78d79af7,transparency.juegos,available,478.98,,high,low,12,namecheap,,,
39328f1d-0fe1-4e17-8e0a-1956485dff42,einstein.juegos,available,321.22,321.22,high,low,8,dynadot,,,28/09/2026 20:04
7e21f916-2286-46c6-b33c-86732bbae8b0,elvish.juegos,available,368.98,478.98,medium,low,6,namecheap,,,16/08/2026 03:43
c2e7e536-9efb-44ed-b412-11879afb8de1,twee.juegos,available,599.99,599.99,high,low,4,name.com,,,13/08/2026 15:49
67b5e0ed-488f-4a1a-b8df-8eeb29bcffe7,gory.juegos,available,368.98,478.98,medium,low,4,namecheap,,,10/08/2026 15:23
48bfa7dc-a3ee-44f8-be6f-c366106bd1d7,bustling.juegos,available,368.98,478.98,high,low,8,namecheap,,,11/08/2026 11:21
28392d22-3bbf-4bf0-9877-4b344a94dca5,graciously.juegos,available,368.98,478.98,high,low,10,namecheap,,,14/09/2026 21:58
d843d448-4bdf-4f46-bd09-3e319ced8c31,fitter.juegos,available,368.98,478.98,medium,low,6,namecheap,,,18/08/2026 05:48
dcc759c1-e4ee-4b72-906e-d3b6c7f0f1b4,paperlike.juegos,available,368.98,478.98,low,low,9,namecheap,,,12/08/2026 02:45
14b25127-b821-4596-94f6-c3e01315ff5b,cephalopod.juegos,available,368.98,478.98,medium,low,10,namecheap,,,12/08/2026 00:21
c65ff710-db38-4f6e-92ab-f201ea793b49,portland.juegos,available,478.98,,high,low,8,namecheap,,,
bda3f065-5952-4235-b869-cbb588cffd24,nationally.juegos,available,368.98,478.98,high,low,10,namecheap,,,03/09/2026 13:44
8a377f58-1a5b-4c93-bbf4-75a9a3e49fb9,stair.juegos,available,309.47,309.47,medium,low,5,porkbun,,,29/09/2026 20:26
49fc4c0d-9679-4894-b8bd-ff85738e01b1,periodical.juegos,available,368.98,478.98,high,low,10,namecheap,,,08/09/2026 17:13
99cf3c44-546c-41b7-b033-4debc89e8762,fittingly.juegos,available,368.98,478.98,medium,low,9,namecheap,,,13/09/2026 20:32
b215f9a9-8484-42f1-9ae9-1aaf236db24c,pawky.juegos,available,368.98,478.98,medium,low,5,namecheap,,,08/09/2026 10:57
37130aad-7e14-4a08-8fd2-05d1e45a747c,cornelia.juegos,available,321.22,321.22,medium,low,8,dynadot,,,28/09/2026 07:53
006b6e19-b68d-4166-b2da-f66f2ed880b9,gore.juegos,available,309.47,309.47,medium,low,4,porkbun,,,28/09/2026 19:53
c5ee8268-26ae-44ff-8d5b-1f3ae418f0e0,lurid.juegos,available,368.98,478.98,medium,low,5,namecheap,,,24/08/2026 11:42
8684cfa5-f3e9-4b93-9030-26f9ba2f8661,hamlet.juegos,available,321.22,321.22,high,low,6,dynadot,,,28/09/2026 18:50
7fab3eb4-d43a-434c-a7b5-cafcec0ee06c,century.juegos,available,368.98,478.98,high,low,7,namecheap,,,
583f84f0-3303-4018-9050-5545bd8b6949,citation.juegos,available,321.22,321.22,high,low,8,dynadot,,,29/09/2026 18:20
a6c41bfc-21a0-4956-9cc1-794361e8d9fc,properly.juegos,available,368.98,478.98,medium,low,8,namecheap,,,13/08/2026 21:12
76f52a00-a95d-4f3a-9448-3559cc869cf2,fabulously.juegos,available,368.98,478.98,high,low,10,namecheap,,,14/09/2026 17:19
3619cb0b-2cee-4c3a-ad32-ecf944f8c1f1,preview.juegos,available,478.98,,high,low,7,namecheap,,,
cbe0826f-e802-4775-8aca-71b221964eda,restless.juegos,available,368.98,478.98,high,low,8,namecheap,,,27/09/2026 12:53
a6a0e171-b77a-45aa-844f-fd3b69176017,discussed.juegos,available,368.98,478.98,medium,low,9,namecheap,,,27/09/2026 10:04
bc108ced-6242-45dd-bcf5-8938a0960e70,recondite.juegos,available,368.98,478.98,medium,low,9,namecheap,,,
96d9c63c-bd5a-4bd7-a06f-5a7e5105b838,lemony.juegos,available,368.98,478.98,high,low,6,namecheap,,,22/08/2026 23:24
ca1e9fe3-ade4-4e61-908a-4cddaa877eca,bedclothes.juegos,available,368.98,478.98,high,low,10,namecheap,,,22/09/2026 22:48
d398cefd-4f20-424a-92b3-90ee96a67f23,sars.juegos,available,368.98,478.98,medium,low,4,namecheap,,,29/09/2026 20:17
d1feb66d-af37-42fb-a39f-f9a9ed35a388,souls.juegos,available,478.98,,high,low,5,namecheap,,,
f945a319-b7a5-4952-bf78-400e7a21c047,commentator.juegos,available,309.47,309.47,high,low,11,porkbun,,,29/09/2026 08:48
9ef3dc24-9ea2-471f-a069-e27b1dc18510,myths.juegos,available,368.98,478.98,medium,low,5,namecheap,,,30/09/2026 00:32
5cbd48e9-64d8-44b4-9d07-536823f7a14a,skinless.juegos,available,368.98,478.98,medium,low,8,namecheap,,,10/09/2026 09:42
0063e2ff-b8ec-4dbc-9f04-94a5a3de05a8,tues.juegos,available,478.98,,high,low,4,namecheap,,,
325e14f3-cad7-423b-a5be-f259be594eb1,flexible.juegos,available,368.98,478.98,high,low,8,namecheap,,,23/09/2026 18:12
8a7660d2-8ea1-494b-a23f-f6a32b6fa52e,scant.juegos,available,368.98,478.98,medium,low,5,namecheap,,,09/09/2026 22:36
f4616a50-95ef-4827-8c11-470ba243cc96,knew.juegos,available,478.98,,medium,low,4,namecheap,,,
5f0ed8c0-fe21-4b3a-8cf7-87b79ae64685,specimen.juegos,available,368.98,478.98,high,low,8,namecheap,,,28/09/2026 03:06
9659e3b8-cacb-4791-bb69-394e139b31f1,hunchback.juegos,available,368.98,478.98,medium,low,9,namecheap,,,13/08/2026 07:49
71c70c61-a2ad-43a4-8a0a-57954b426be5,indie.juegos,available,368.98,478.98,high,medium,5,namecheap,,,22/08/2026 03:00
ccf20086-809f-42ff-ac55-d90b0b1b006d,plier.juegos,available,478.98,,medium,low,5,namecheap,,,
3a641725-16e3-4bbe-8f7c-20122c2ae7c3,unpunished.juegos,available,368.98,478.98,medium,low,10,namecheap,,,12/09/2026 17:37
bc9ab1fc-7375-4d10-bd26-e45db9093751,mediatory.juegos,available,368.98,478.98,medium,low,9,namecheap,,,24/08/2026 18:55
731f1a29-1e40-45b6-af45-1e19abc34074,better.juegos,available,368.98,478.98,high,medium,6,namecheap,,,22/09/2026 20:11
de149d23-009a-4453-b99b-e1b0e8429c2c,summon.juegos,available,321.22,321.22,high,low,6,dynadot,,,29/09/2026 01:42
bbf70152-f2a5-4b04-ade2-acf4fb9823dd,alsatian.juegos,available,368.98,478.98,medium,low,8,namecheap,,,
48135968-179e-494a-bd6f-58983a9b70b1,someways.juegos,available,368.98,478.98,medium,low,8,namecheap,,,15/09/2026 06:48
36779ad0-f122-4746-8b7e-eda11a3f5871,poisoned.juegos,available,321.22,321.22,medium,low,8,dynadot,,,27/09/2026 17:38
2c2cc6a8-ea1c-4c3d-8243-7fc262930f47,impellent.juegos,available,368.98,478.98,medium,low,9,namecheap,,,21/08/2026 22:03
d6309c7b-d45c-4317-a856-d143eb8b1c2e,strips.juegos,available,368.98,478.98,medium,low,6,namecheap,,,20/09/2026 02:09
95678c21-e289-445d-8405-d66996811c56,artful.juegos,available,368.98,478.98,high,low,6,namecheap,,,06/08/2026 22:44
9ed0793a-361b-4b26-93bc-65c035d272a5,men.juegos,available,478.98,,high,low,3,namecheap,,,
f4ea50a3-09b6-4ec0-a394-9593d6015614,astronomy.juegos,available,368.98,478.98,high,low,9,namecheap,,,20/09/2026 18:10
fa5ab85e-e08e-466a-b513-15918ab8cd76,guru.juegos,available,321.22,321.22,high,low,4,dynadot,,,29/09/2026 13:00
83075304-2c35-4700-853d-51c2b822c639,bierce.juegos,available,599.99,599.99,medium,low,6,name.com,,,18/09/2026 17:23
cdd3b8f2-8e87-4876-8cf8-c03ee4fea869,cancun.juegos,available,368.98,478.98,high,low,6,namecheap,,,24/09/2026 12:01
80d775ca-7fac-40f1-8625-69c6498ba3e9,oar.juegos,available,478.98,,high,low,3,namecheap,,,
65c710b6-fd72-4897-a2c7-1d8a7b95d3b5,preventive.juegos,available,599.99,599.99,high,low,10,name.com,,,23/09/2026 22:24
2421cf47-eb5d-43da-ad8a-8a047bb56767,competitive.juegos,available,368.98,478.98,high,low,11,namecheap,,,28/09/2026 07:17
26f69a4f-3096-4fe2-984d-751fc89abdd0,picayune.juegos,available,368.98,478.98,medium,low,8,namecheap,,,18/08/2026 03:37
8ba44d06-a905-4239-8a76-545b6aec8931,mate.juegos,available,368.98,478.98,high,low,4,namecheap,,,23/09/2026 11:43
b85aaf18-afd3-4805-bc19-04fa40331f5b,brockhouse.juegos,available,368.98,478.98,medium,low,10,namecheap,,,23/09/2026 10:18
a1f40703-3964-4b12-a48a-41f687530af9,miry.juegos,available,368.98,478.98,medium,low,4,namecheap,,,10/08/2026 17:05
68c8acad-995e-4fe6-b03a-373b1f428fa0,parishes.juegos,available,368.98,478.98,medium,low,8,namecheap,,,18/09/2026 08:08
c098ecc9-7ddd-44c8-bbd4-5a3aec3f3d4b,nations.juegos,available,309.47,309.47,medium,low,7,porkbun,,,27/09/2026 22:54
4ae53a03-83da-4272-93fb-0b0fd7070f9d,ontogeny.juegos,available,368.98,478.98,medium,low,8,namecheap,,,20/08/2026 20:29
131fedb8-1e68-42eb-9a82-c11b5a2acf8d,ably.juegos,available,368.98,478.98,medium,low,4,namecheap,,,13/09/2026 16:20
64b2c9f3-c871-4c65-a738-90818a83e62a,bailiff.juegos,available,368.98,478.98,medium,low,7,namecheap,,,21/09/2026 19:06
ad265bb0-a25e-4d40-bbff-b4eb2efe570b,toasted.juegos,available,368.98,478.98,high,low,7,namecheap,,,11/09/2026 16:35
68ca1264-feb2-4fe6-b6be-4ddb08227aa2,craggy.juegos,available,368.98,478.98,medium,low,6,namecheap,,,13/08/2026 04:44
c781aa50-9d44-4b24-a9ca-6241adc3bcd7,opaline.juegos,available,368.98,478.98,medium,low,7,namecheap,,,04/09/2026 15:45
dc7c24f3-e7dd-4dfc-acaf-fbc529a012da,mulish.juegos,available,368.98,478.98,low,low,6,namecheap,,,21/08/2026 00:45
b60c494c-958c-4e48-9bdc-8bd5f8dc7679,embryonic.juegos,available,368.98,478.98,medium,low,9,namecheap,,,16/08/2026 13:28
e86f2a89-d290-4822-be28-8d52c393b8a6,development.juegos,available,321.22,321.22,high,low,11,dynadot,,,28/09/2026 04:38
2ea6c393-9519-42a4-8f89-345f96364657,medieval.juegos,available,368.98,478.98,high,low,8,namecheap,,,12/08/2026 06:12
709a6499-38e9-48de-804b-5b33f3e3a1d8,unparallel.juegos,available,368.98,478.98,medium,low,10,namecheap,,,12/09/2026 16:27
e775bb3f-9c63-4095-8f4a-52cea1fc74ad,nada.juegos,available,368.98,478.98,high,low,4,namecheap,,,03/09/2026 22:31
ee21cd11-5464-4aa3-b80d-ec3f08d29022,executed.juegos,available,368.98,478.98,high,low,8,namecheap,,,17/08/2026 16:55
154a6ab8-4c11-48c3-9d05-71e65a87b1d8,puncture.juegos,available,368.98,478.98,high,low,8,namecheap,,,29/09/2026 20:04
c0fadfc0-b854-4d82-8203-a377d3370101,crop.juegos,available,368.98,478.98,high,low,4,namecheap,,,24/09/2026 19:07
fddfd92a-0aa0-4257-aaa2-5f8ca6223106,unduly.juegos,available,368.98,478.98,medium,low,6,namecheap,,,16/09/2026 10:01
da7b0b25-3004-465c-a5c3-06ad4ed17ea9,demonic.juegos,available,368.98,478.98,medium,low,7,namecheap,,,14/08/2026 01:26
7cff366c-7f3d-498d-a5e4-eefa765f4120,rhombic.juegos,available,368.98,478.98,medium,low,7,namecheap,,,09/09/2026 16:43
cb65863e-9521-4406-ab41-901a1aca6aca,scorch.juegos,available,368.98,478.98,high,low,6,namecheap,,,10/09/2026 00:51
3377d1d6-fb87-4585-b659-07069fe2c13c,abuzz.juegos,available,368.98,478.98,medium,low,5,namecheap,,,
799fc9d9-c563-4477-89d3-d62a1676c03f,dispatch.juegos,available,368.98,478.98,high,low,8,namecheap,,,04/09/2026 00:56
66f53222-24d3-4446-b815-38471a3eaf75,unshackled.juegos,available,368.98,478.98,medium,low,10,namecheap,,,12/09/2026 04:58
86cfc9e1-ed2e-4323-91dd-d5e84846cb65,pebble.juegos,available,368.98,478.98,high,low,6,namecheap,,,30/09/2026 02:28
8dae2d85-813e-43df-894d-8c235ac5dc6b,simmons.juegos,available,368.98,478.98,medium,low,7,namecheap,,,28/09/2026 07:47
61d4ffdd-fe73-4a21-8e68-eac3dba1a32d,leroy.juegos,available,368.98,478.98,medium,low,5,namecheap,,,25/09/2026 15:35
215f50c3-5128-4290-9d65-293c0aa3abf4,pimiento.juegos,available,368.98,478.98,medium,low,8,namecheap,,,23/09/2026 05:38
1c48a345-b183-4a03-969b-5a96fc4eab1c,capsulize.juegos,available,368.98,478.98,medium,low,9,namecheap,,,11/08/2026 18:15
0fe2538c-fc9a-44d6-a7e0-82131a84067b,textual.juegos,available,368.98,478.98,high,low,7,namecheap,,,11/09/2026 12:20
48b458e5-6c89-4008-84b4-7007d4d375cc,advancing.juegos,available,368.98,478.98,high,low,9,namecheap,,,21/09/2026 20:51
aacba92b-1ca3-4f64-b932-fc5ba3684a09,biddable.juegos,available,368.98,478.98,medium,low,8,namecheap,,,
73765fb4-e88a-4d3e-bcc1-6f29cf81fa48,usages.juegos,available,321.22,321.22,low,low,6,dynadot,,,29/09/2026 05:10
5c86427f-6e9a-4d36-90b8-c3389ed6bc97,jackfruit.juegos,available,368.98,478.98,high,low,9,namecheap,,,20/09/2026 11:58
5e5cc4b7-4a3d-4eff-90a0-5f1e5328c6f0,vibrate.juegos,available,478.98,,high,low,7,namecheap,,,
43d331d0-6874-4852-9708-81862a7fe200,lumbar.juegos,available,368.98,478.98,high,low,6,namecheap,,,24/08/2026 11:06
7bf655a2-b503-4afc-93b7-1d8db8f02375,animalism.juegos,available,368.98,478.98,medium,low,9,namecheap,,,19/09/2026 08:55
79eb02b6-b306-4ef3-b3a8-06b2ca3b4502,zoonotic.juegos,available,368.98,478.98,medium,low,8,namecheap,,,13/09/2026 15:35
d15d63bb-42c6-43e0-ac62-0b54937bea0d,bakeshop.juegos,available,368.98,478.98,high,low,8,namecheap,,,21/09/2026 20:10
93842745-7c25-4fca-b9ee-b44dfb95cff2,fearsome.juegos,available,368.98,478.98,medium,low,8,namecheap,,,14/08/2026 08:55
686d6f82-774c-45d8-8d9d-b154296f47e8,asd.juegos,available,368.98,478.98,high,low,3,namecheap,,,29/09/2026 22:02
9709c23f-fd93-40a9-a11d-a424d694d6aa,sterling.juegos,available,368.98,478.98,high,low,8,namecheap,,,10/09/2026 20:14
f050a908-1cb8-45a6-8899-ab889fa83f57,pittsfield.juegos,available,321.22,321.22,medium,low,10,dynadot,,,29/09/2026 07:52
17b2cedd-c7ed-4d85-b017-5732c3a45e3f,misty.juegos,available,368.98,478.98,high,low,5,namecheap,,,11/08/2026 06:51
c060339a-423e-4bc0-b92d-84ab0cfa3142,voices.juegos,available,478.98,,medium,low,6,namecheap,,,
83662dda-8a9f-4347-9ab9-a5865e704af0,gustative.juegos,available,368.98,478.98,medium,low,9,namecheap,,,20/08/2026 21:08
7a790cb7-43f2-4e6f-8caa-b5eb7327b9eb,liberation.juegos,available,368.98,478.98,high,low,10,namecheap,,,28/09/2026 14:14
93fb16dc-ab7c-4903-8ac6-afa665ba1e1d,lily.juegos,available,368.98,478.98,high,medium,4,namecheap,,,28/09/2026 02:17
c3c8e803-2df5-45a4-8716-e9fee744ef2f,desolate.juegos,available,368.98,478.98,medium,low,8,namecheap,,,08/08/2026 21:07
12576e11-3686-4d1c-ab99-efef0b57ddcd,larboard.juegos,available,368.98,478.98,medium,low,8,namecheap,,,22/08/2026 19:51
57bd9c0a-504e-4dcf-942d-6b2e88c5fb72,challenging.juegos,available,478.98,,high,low,11,namecheap,,,
6117fee4-4be1-482a-8c26-6701d8436bc3,brazen.juegos,available,368.98,478.98,high,low,6,namecheap,,,11/08/2026 02:54
6e08e813-0c77-4905-923b-b8c04318afea,satyrical.juegos,available,368.98,478.98,medium,low,9,namecheap,,,09/09/2026 21:57
4bf922a5-0172-4ae9-81aa-380183f56197,inconsistent.juegos,available,478.98,,medium,low,12,namecheap,,,
efb32b4f-c091-4484-bc34-f607b84efe2f,pervasive.juegos,available,368.98,478.98,high,low,9,namecheap,,,08/09/2026 17:44
95ce9557-c933-4b58-aa7d-101d9f4999a0,chat.juegos,available,368.98,478.98,high,medium,4,namecheap,,,24/09/2026 13:53
9b4754b9-29d0-4260-be7c-0068b281000e,winkle.juegos,available,368.98,478.98,medium,low,6,namecheap,,,18/08/2026 06:48
79f8550f-f8e9-4b01-befd-e96390346105,negotiable.juegos,available,368.98,478.98,medium,low,10,namecheap,,,07/08/2026 06:30
349db847-778d-44b2-80c8-a385827ca036,detain.juegos,available,368.98,478.98,high,low,6,namecheap,,,24/09/2026 21:28
46537dcc-1d87-4af0-b650-0794e6c98f05,protect.juegos,available,478.98,,high,low,7,namecheap,,,
0ead02bf-5c22-4018-9723-3bc60d72d6ef,edgeless.juegos,available,368.98,478.98,medium,low,8,namecheap,,,15/08/2026 08:37
ae11f6b0-01f0-4fea-b00b-244ae44f9a51,boron.juegos,available,368.98,478.98,medium,low,5,namecheap,,,20/09/2026 23:12
9a9ad407-ae0b-47bf-a116-3b52897a6a9c,forgive.juegos,available,478.98,,high,low,7,namecheap,,,
298f577e-569c-44d1-b921-57a5ae9ffbe6,slanting.juegos,available,368.98,478.98,medium,low,8,namecheap,,,07/08/2026 04:20
606aac5a-a8cf-4243-9d16-e554432871e9,juxtaposed.juegos,available,368.98,478.98,medium,low,10,namecheap,,,22/08/2026 15:00
d9c05d87-477e-4a14-852b-ec94b788638d,tarnish.juegos,available,368.98,478.98,medium,low,7,namecheap,,,24/08/2026 12:50
6dbee68e-8a97-4270-aca5-f92935e17eea,filial.juegos,available,368.98,478.98,medium,low,6,namecheap,,,18/08/2026 04:17
158fe207-dc86-4c76-9691-e0db2ea273db,conical.juegos,available,368.98,478.98,high,low,7,namecheap,,,12/08/2026 20:41
bf89d1f0-f54c-42a1-b6b3-4d53a06c1b5f,cinnabar.juegos,available,368.98,478.98,high,low,8,namecheap,,,12/08/2026 05:49
818d2730-1238-4775-94d9-c42fd90fa595,record.juegos,available,368.98,478.98,high,low,6,namecheap,,,24/09/2026 19:29
d9bb7461-813c-4a80-86c2-638519eb97dd,fagged.juegos,available,368.98,478.98,low,low,6,namecheap,,,14/08/2026 14:47
94b53a3a-c252-4db9-af0d-631b06624a47,energiser.juegos,available,368.98,478.98,medium,low,9,namecheap,,,19/09/2026 09:08
b04e863f-3c80-4ae7-9174-e520c5359339,rhiannon.juegos,available,478.98,,high,low,8,namecheap,,,
1a10d9ec-3d5b-4f00-af35-74df9f11a4e0,agitated.juegos,available,368.98,478.98,medium,low,8,namecheap,,,
579cad0b-ac2e-4e87-bc0b-5b2eddc29c28,admitting.juegos,available,321.22,321.22,medium,low,9,dynadot,,,28/09/2026 20:58
cf5dd07d-d1fd-4e34-888d-2c33aea8f4bb,phone.juegos,available,321.22,321.22,high,low,5,dynadot,,,29/09/2026 17:28
2d2a0069-1ed9-4bc1-9f7b-63c7d6d36ec8,aten.juegos,available,599.99,599.99,medium,low,4,name.com,,,20/09/2026 20:04
f8d43125-df7a-402c-a2fb-c96ad919edb9,unfed.juegos,available,368.98,478.98,medium,low,5,namecheap,,,12/09/2026 10:04
27c9071b-5bf8-4d6c-a81e-998f4d5c9a17,upturned.juegos,available,368.98,478.98,medium,low,8,namecheap,,,04/09/2026 21:58
1d7f8520-7ea7-47a7-adfd-5ac8423874ce,error.juegos,available,599.99,599.99,high,low,5,name.com,,,24/09/2026 16:56
6733545c-8ef8-482a-83a8-983ff47e14e7,orleans.juegos,available,478.98,,high,low,7,namecheap,,,
0e8a4f81-b375-45d2-afb7-c7beacb6193c,auric.juegos,available,368.98,478.98,medium,low,5,namecheap,,,07/08/2026 17:36
4230c4f0-1f9f-4a80-9352-eac608150e04,presage.juegos,available,368.98,478.98,high,low,7,namecheap,,,09/09/2026 02:57
771e01d5-f09a-43de-816f-a5aa146cb401,moonshine.juegos,available,368.98,478.98,high,low,9,namecheap,,,10/08/2026 19:35
e6b9320d-185b-43fe-a0f3-28e7ef67350d,estimators.juegos,available,368.98,478.98,medium,low,10,namecheap,,,20/09/2026 23:34
3404f7d1-4714-4283-a150-55fd28683089,cornered.juegos,available,368.98,478.98,medium,low,8,namecheap,,,07/08/2026 11:02
045d8b3a-46c5-499f-8b1c-49328c836364,changeable.juegos,available,368.98,478.98,medium,low,10,namecheap,,,12/08/2026 01:51
53b4a485-6ab3-4f8f-97de-8500c2d05ba0,faces.juegos,available,478.98,,medium,low,5,namecheap,,,
e09012e3-2418-4eff-8a90-719ec6a2999a,myopic.juegos,available,368.98,478.98,medium,low,6,namecheap,,,03/09/2026 12:14
27a690c6-c21c-4a44-8065-db27b0583c3d,prurient.juegos,available,368.98,478.98,medium,low,8,namecheap,,,24/08/2026 11:58
2bb2bfc4-4a1b-4a97-a198-aea93107f134,appeals.juegos,available,321.22,321.22,low,low,7,dynadot,,,28/09/2026 23:39
e86194a0-9dd1-4caa-946e-82c2650fea81,unsafe.juegos,available,599.99,599.99,high,low,6,name.com,,,13/08/2026 17:17
0af90c5d-e63d-46da-ab38-c369190c5b6b,biomedical.juegos,available,368.98,478.98,high,low,10,namecheap,,,10/08/2026 02:15
eac88f5b-fef1-4d20-a3f9-461e258a4913,dodge.juegos,available,368.98,478.98,high,low,5,namecheap,,,28/09/2026 01:47
8bce94c7-b0e2-487b-a8b6-dda2c48018c7,sexual.juegos,available,309.47,309.47,high,low,6,porkbun,,,27/09/2026 20:20
50049f66-e6b8-4883-8ed2-3d66988946ab,emerald.juegos,available,321.22,321.22,high,low,7,dynadot,,,28/09/2026 19:05
7ba3058e-6300-451a-b169-b550db6f6b85,filiform.juegos,available,368.98,478.98,medium,low,8,namecheap,,,18/08/2026 04:04
7a38fc48-1b28-4b29-88cf-cbfc640dc12a,transposed.juegos,available,368.98,478.98,medium,low,10,namecheap,,,11/09/2026 18:59
0b1413e4-5977-4ec9-8f0b-c08fbc8f88ca,monotonic.juegos,available,368.98,478.98,medium,low,9,namecheap,,,25/08/2026 05:23
04e4c3e8-662a-4de3-9f76-412ce64b1d39,cleft.juegos,available,368.98,478.98,high,low,5,namecheap,,,12/08/2026 10:39
5cdce6da-90e1-4366-9daf-a5196044154f,somerville.juegos,available,368.98,478.98,medium,low,10,namecheap,,,27/09/2026 01:44
78020fd9-2ba8-4a3a-a7a7-de0fd177684a,hurry.juegos,available,368.98,478.98,high,low,5,namecheap,,,27/09/2026 17:14
614ca843-5813-487c-9a81-40173dd3cebb,cowboys.juegos,available,368.98,478.98,high,low,7,namecheap,,,28/09/2026 12:01
cde949b0-4301-4110-a00a-49167fedec3b,smuggled.juegos,available,368.98,478.98,medium,low,8,namecheap,,,22/09/2026 21:31
72533416-65ac-434e-ba88-060b8c18b0be,monet.juegos,available,368.98,478.98,high,low,5,namecheap,,,29/09/2026 18:23
cdfc075f-0391-49f6-bc4f-c19c0a51cb27,slothful.juegos,available,368.98,478.98,medium,low,8,namecheap,,,17/08/2026 20:58
181a2668-7ac3-4874-9fab-904460ce84cb,negligible.juegos,available,368.98,478.98,medium,low,10,namecheap,,,03/09/2026 15:08
55193571-4755-4e37-bd9a-54a328ecb3f4,paralyzed.juegos,available,368.98,478.98,medium,low,9,namecheap,,,08/09/2026 01:29
bef8848f-2f4a-46e3-9861-a39317487b42,zeroth.juegos,available,368.98,478.98,medium,low,6,namecheap,,,13/09/2026 15:14
257c84b8-b371-48cf-b992-c28d1cf4a379,blankness.juegos,available,368.98,478.98,medium,low,9,namecheap,,,24/09/2026 04:02
a5bc6a31-0d1f-4ae0-b107-8a9866915355,shopping.juegos,available,478.98,,high,low,8,namecheap,,,
67cf2b7e-89d2-466e-a0c8-270533cd5051,sunlit.juegos,available,368.98,478.98,high,low,6,namecheap,,,11/09/2026 01:59
68fab9d9-b666-4310-941e-54dd64576f04,parvenu.juegos,available,368.98,478.98,medium,low,7,namecheap,,,03/09/2026 22:14
ca5257a5-0fa2-43e8-8656-a4edd5c6f1f0,crucify.juegos,available,368.98,478.98,medium,low,7,namecheap,,,14/08/2026 21:17
262b3fee-bd58-45f8-9d98-e5bad15086ae,easton.juegos,available,368.98,478.98,high,low,6,namecheap,,,25/09/2026 16:33
c9d5e8eb-c4e5-4908-8c23-64182c584bb2,hydric.juegos,available,368.98,478.98,medium,low,6,namecheap,,,21/08/2026 16:23
04259625-7b2c-4986-bc4b-2019a3be9459,deadening.juegos,available,368.98,478.98,medium,low,9,namecheap,,,10/08/2026 19:57
05bfd92e-682a-49f0-b661-9717e3f39d30,counsellor.juegos,available,368.98,478.98,high,low,10,namecheap,,,29/09/2026 18:29
236b954b-7c60-430d-b0ed-9275c8a1375b,expressing.juegos,available,368.98,478.98,medium,low,10,namecheap,,,29/09/2026 05:05
659a949b-17dd-4734-ae8f-dccc94dc9f26,matching.juegos,available,368.98,478.98,high,low,8,namecheap,,,12/08/2026 13:23
0702f102-9904-4a93-9e81-6bbee5b05ae3,libertine.juegos,available,599.99,599.99,medium,low,9,name.com,,,13/08/2026 20:22
5e5a0de8-d02d-4150-9e35-640f311489a5,unspoiled.juegos,available,368.98,478.98,high,low,9,namecheap,,,12/09/2026 07:08
0d018f68-4a07-4de2-9f3d-34905f5b581a,antiquated.juegos,available,368.98,478.98,medium,low,10,namecheap,,,
82b8670c-e7b3-4d5e-9d23-62231f2ace3e,anticlimax.juegos,available,368.98,478.98,medium,low,10,namecheap,,,19/09/2026 14:16
ff86b41f-42d1-45a3-9ec1-2a7dd73bcb2d,reassured.juegos,available,368.98,478.98,high,low,9,namecheap,,,09/09/2026 11:12
031fd26b-7c93-4c81-8935-356720682a09,sometime.juegos,available,368.98,478.98,high,low,8,namecheap,,,10/09/2026 14:04
b78f91cb-c156-4b6a-9be0-9e441ee71559,faultless.juegos,available,368.98,478.98,high,low,9,namecheap,,,18/08/2026 00:05
406a818a-fc8a-428f-93f5-1a36ea781bed,kangaroo.juegos,available,321.22,321.22,high,low,8,dynadot,,,29/09/2026 07:23
dfab92c2-24d6-4a6b-9a6b-500fe8ef1da7,booted.juegos,available,368.98,478.98,high,low,6,namecheap,,,22/09/2026 23:43
90743472-c77c-4b3b-bd1e-9aeb17e4d1d4,acuate.juegos,available,368.98,478.98,medium,low,6,namecheap,,,
2c4917a5-7c1a-4e5f-ae73-e5fa0d05e440,coupled.juegos,available,368.98,478.98,high,low,7,namecheap,,,12/08/2026 22:15
8c17869a-027a-4b20-949d-8b16ba9c04ae,miotic.juegos,available,368.98,478.98,medium,low,6,namecheap,,,25/08/2026 01:00
7b5e7762-ffba-411d-bac1-3ae75c051cdb,unadjusted.juegos,available,368.98,478.98,medium,low,10,namecheap,,,11/09/2026 23:52
1f16ed88-706f-4902-aadc-c014c0b8798c,boldly.juegos,available,368.98,478.98,high,low,6,namecheap,,,14/09/2026 00:53
96ae76a7-136e-4497-a035-2f30c752579d,aplitic.juegos,available,368.98,478.98,medium,low,7,namecheap,,,06/08/2026 00:35
17431026-57b9-4977-9ffc-f87c054ed2bd,ask.juegos,available,478.98,,high,medium,3,namecheap,,,
a3c4784b-fdc3-4b52-a471-3236043091d9,cupidity.juegos,available,368.98,478.98,medium,low,8,namecheap,,,21/09/2026 08:48
a2914ec0-2b15-47d3-852d-2969238cc009,bawdyhouse.juegos,available,368.98,478.98,low,low,10,namecheap,,,21/09/2026 18:21
afa631f1-f43b-42aa-9ab4-7edc2bd4b2d6,quartette.juegos,available,368.98,478.98,medium,low,9,namecheap,,,09/09/2026 07:26
b7f8b7be-c20f-4d4e-953c-fceebe7365c4,obliterate.juegos,available,368.98,478.98,medium,low,10,namecheap,,,10/08/2026 15:34
fd39c4a4-f4d1-4d65-8646-cbb2c50eaf82,guided.juegos,available,368.98,478.98,high,low,6,namecheap,,,20/08/2026 20:47
9c851ea0-8681-4add-9b4e-a660f94c27c3,straw.juegos,available,368.98,478.98,high,low,5,namecheap,,,10/09/2026 22:03
1c9a3865-d0e9-43bc-b150-b161ee4f5c42,allie.juegos,available,368.98,478.98,high,low,5,namecheap,,,17/09/2026 22:42
3a398f8d-a669-4da8-aad1-c6a88fbb8fc8,them.juegos,available,478.98,,medium,low,4,namecheap,,,
fc5a38bf-98b7-4c4f-a99d-fd5f2a1ad1cd,cicero.juegos,available,368.98,478.98,high,low,6,namecheap,,,29/09/2026 18:19
297cb9b1-9a76-47dd-97ae-6fdd30a61d95,tasking.juegos,available,478.98,,high,low,7,namecheap,,,
ea0d917e-05b4-4f9f-9837-fd971e4a744a,influential.juegos,available,368.98,478.98,high,low,11,namecheap,,,08/09/2026 05:20
9fa2ef5d-459e-47a2-becf-8ea66ed7e0bf,biodefence.juegos,available,368.98,478.98,medium,low,10,namecheap,,,23/09/2026 17:51
7e4001a7-7520-4bcb-b401-60f3de1f1e7a,justly.juegos,available,368.98,478.98,high,low,6,namecheap,,,15/09/2026 10:18
aab2bd44-2203-4565-a5aa-fb808ece84ef,childish.juegos,available,368.98,478.98,high,low,8,namecheap,,,12/08/2026 05:02
244e8254-fc5d-4f07-b130-6a3f00a8ea1a,tiring.juegos,available,368.98,478.98,medium,low,6,namecheap,,,11/09/2026 16:24
ee3372ba-b60d-41e2-9aed-6ca66c658d01,mislabeled.juegos,available,368.98,478.98,medium,low,10,namecheap,,,25/08/2026 01:21
0cfb8d5c-726e-40ce-8893-80a3b3bb85c1,carrot.juegos,available,321.22,321.22,high,low,6,dynadot,,,29/09/2026 00:20
df2fa611-d11c-4113-b3f1-09f95a9a1833,who.juegos,available,,,high,high,3,,,,
3e41995a-51e6-4018-b8eb-a48582ab0b31,pantheist.juegos,available,368.98,478.98,medium,low,9,namecheap,,,05/09/2026 01:06
4d8f6876-dc6d-44a8-baca-4c77a7d7364f,mothafucker.juegos,available,478.98,,medium,low,11,namecheap,,,
dae8363e-9de8-4dbc-b014-e7c03f9cd81d,deerfield.juegos,available,309.47,309.47,high,low,9,porkbun,,,29/09/2026 10:06
043ede33-1b4c-4484-a919-ad97deeddb0d,mistaken.juegos,available,368.98,478.98,medium,low,8,namecheap,,,25/08/2026 01:52
6b34b089-db7a-41b1-9fed-bcfab51e153e,immigrant.juegos,available,368.98,478.98,high,low,9,namecheap,,,29/09/2026 13:05
120047da-cd9a-41c8-b3bf-41db84018fcb,prohibited.juegos,available,368.98,478.98,medium,low,10,namecheap,,,08/08/2026 13:48
4652d878-bd8e-4dd2-9fb5-666b2fbcd7f4,pun.juegos,available,309.47,309.47,high,low,3,porkbun,,,30/09/2026 02:27
93dc92b0-9842-46b4-bf61-f4c677278f26,flint.juegos,available,368.98,478.98,high,low,5,namecheap,,,18/08/2026 08:20
ee922384-b444-4af2-937e-a9bce54bb3b3,kobe.juegos,available,321.22,321.22,high,low,4,dynadot,,,28/09/2026 02:14
5939f19b-c441-48a7-afdc-ddee520e8b44,crudely.juegos,available,368.98,478.98,medium,low,7,namecheap,,,13/09/2026 20:58
47ac1502-09ae-4a10-a22c-8a0c7261ef02,admission.juegos,available,368.98,478.98,high,low,9,namecheap,,,16/09/2026 22:12
509f67f5-2aba-40d3-b403-07402de4957c,agitprop.juegos,available,368.98,478.98,medium,low,8,namecheap,,,17/09/2026 18:14
ca2a1e5d-cf6e-4f0d-94b8-6a238777cce2,teeming.juegos,available,368.98,478.98,medium,low,7,namecheap,,,11/09/2026 10:05
c9535f17-7906-40b9-a720-40e0d30857b3,merry.juegos,available,368.98,478.98,high,low,5,namecheap,,,11/08/2026 04:28
4e05079b-370a-492c-b553-6178a891c8b6,magdalena.juegos,available,321.22,321.22,medium,low,9,dynadot,,,28/09/2026 02:17
718441fd-83b9-4460-af4c-24e2f3c1f8ed,wysiwyg.juegos,available,368.98,478.98,high,low,7,namecheap,,,13/09/2026 13:51
7ad2d095-bdf3-44b0-972a-f958cae23608,critics.juegos,available,368.98,478.98,low,low,7,namecheap,,,28/09/2026 18:02
6811cfd5-bf99-4700-b8d2-9566ab93cdb5,historied.juegos,available,368.98,478.98,medium,low,9,namecheap,,,21/08/2026 09:53
36a41d37-20ad-4367-86eb-c8e4599b29d3,violin.juegos,available,368.98,478.98,high,low,6,namecheap,,,28/09/2026 09:46
595fdc09-4341-42a8-92fc-ca2274e2efea,tibet.juegos,available,368.98,478.98,high,low,5,namecheap,,,28/09/2026 20:29
cdc36c30-ed91-41b6-95eb-e507df510ce9,foil.juegos,available,368.98,478.98,high,low,4,namecheap,,,09/09/2026 08:18
2fd11bab-d370-47c3-855b-ae7c94f9583a,brothel.juegos,available,368.98,478.98,medium,low,7,namecheap,,,21/09/2026 18:15
72aac1ed-1f75-4053-bd6d-185cc41d8acf,funicular.juegos,available,368.98,478.98,medium,low,9,namecheap,,,18/08/2026 18:41
f997a7e3-275c-4a21-beb2-482accfe7284,transcend.juegos,available,368.98,478.98,high,low,9,namecheap,,,11/09/2026 17:23
cc7c2f0c-0d54-4705-85dd-450e238e24eb,ricky.juegos,available,368.98,478.98,high,low,5,namecheap,,,27/09/2026 19:08
4f1c53bc-00d2-4703-b8d8-7da39e6e675c,smallpox.juegos,available,321.22,321.22,medium,low,8,dynadot,,,29/09/2026 02:12
2f87cc23-1e34-4f08-990e-e96a64b01417,serrated.juegos,available,368.98,478.98,medium,low,8,namecheap,,,03/09/2026 22:08
6a3e6356-e845-4d07-a0bd-05098dddd9ba,glasshouse.juegos,available,368.98,478.98,high,low,10,namecheap,,,20/08/2026 19:52
f6a58e98-7d16-470b-ac86-c7bd585109ae,mirrored.juegos,available,368.98,478.98,high,low,8,namecheap,,,25/08/2026 01:11
53bd1b2e-5908-4a3a-92c5-3c0a8be63745,bivalve.juegos,available,368.98,478.98,high,low,7,namecheap,,,10/08/2026 09:09
35be42df-d913-472b-9854-64394f914b32,matey.juegos,available,368.98,478.98,medium,low,5,namecheap,,,12/08/2026 07:40
28127cb9-c9e5-4621-a9df-aa83fe7391bd,publication.juegos,available,478.98,,high,low,11,namecheap,,,
a950abdb-caeb-44ea-b4ef-b87181c9cbc9,apathetic.juegos,available,368.98,478.98,medium,low,9,namecheap,,,05/08/2026 22:04
2a9c4708-be79-4e11-97da-ecaf7694fd0d,indecorous.juegos,available,368.98,478.98,medium,low,10,namecheap,,,22/08/2026 02:18
1ad65b03-56dc-4813-9a16-4c4ca0719205,ductless.juegos,available,368.98,478.98,medium,low,8,namecheap,,,14/08/2026 20:54
699e479e-c85d-4126-a9bc-6cbcf2f3cab2,mithraic.juegos,available,368.98,478.98,medium,low,8,namecheap,,,25/08/2026 01:58
f429357b-7166-41f6-a97a-3cbbe2307416,sleep.juegos,available,368.98,478.98,high,medium,5,namecheap,,,25/09/2026 05:45
0dfdffd9-f872-420a-88ad-8b0e45cdc5db,bleary.juegos,available,368.98,478.98,medium,low,6,namecheap,,,10/08/2026 13:59
8427f44f-5b95-4ff1-a3dd-e1d75583f94d,calamitous.juegos,available,368.98,478.98,medium,low,10,namecheap,,,11/08/2026 13:28
36bc8fc4-914f-4a30-8dee-9797192d194d,watercress.juegos,available,368.98,478.98,medium,low,10,namecheap,,,13/08/2026 06:18
60a4a996-dc35-4586-a97e-0cf49d85c386,necessary.juegos,available,368.98,478.98,high,low,9,namecheap,,,24/09/2026 15:21
8cf85692-32b5-4483-b0fa-7474f362dae6,unrigged.juegos,available,368.98,478.98,low,low,8,namecheap,,,12/09/2026 18:28
07c1d998-3d24-4433-8d3e-27e72219b445,intake.juegos,available,321.22,321.22,high,low,6,dynadot,,,29/09/2026 06:09
c11d90c5-29d0-4b1f-96ad-3bd54066ae99,orientation.juegos,available,321.22,321.22,high,low,11,dynadot,,,28/09/2026 22:40
28c550ca-81b9-47aa-864b-d60286270f9c,sails.juegos,available,321.22,321.22,high,low,5,dynadot,,,28/09/2026 23:18
415a877d-95c6-452a-b1b1-8f678f465b10,terminus.juegos,available,368.98,478.98,high,low,8,namecheap,,,11/09/2026 11:48
98bab9f1-b9c7-4413-887e-31c683e2722c,bivalent.juegos,available,368.98,478.98,high,low,8,namecheap,,,10/08/2026 08:58
282a2655-bdf6-4279-b8c8-af29b126111d,gentleman.juegos,available,368.98,478.98,high,low,9,namecheap,,,25/09/2026 06:26
c1c47723-fb5c-43db-9a73-04b0898c8015,determine.juegos,available,478.98,,high,low,9,namecheap,,,
a4ca3fe4-ef34-45b4-8ffe-9d2addff784b,bassinet.juegos,available,368.98,478.98,medium,low,8,namecheap,,,22/09/2026 12:23
c54f03ba-7ef6-491c-b4b2-bda94d279991,tailored.juegos,available,368.98,478.98,medium,low,8,namecheap,,,09/08/2026 17:32
74324975-326d-428b-b312-8910c7295e95,tectonic.juegos,available,368.98,478.98,medium,low,8,namecheap,,,06/08/2026 15:47
a408d427-ba7a-43e0-822d-53c271e60527,dawdling.juegos,available,368.98,478.98,medium,low,8,namecheap,,,11/09/2026 19:40
3edd3d63-552e-4f0e-ba57-f7246b234d4d,stargazer.juegos,available,368.98,478.98,high,low,9,namecheap,,,20/09/2026 18:07
4250b4ca-efc4-42a6-b2dd-10fa978364b9,inmates.juegos,available,321.22,321.22,low,low,7,dynadot,,,28/09/2026 18:12
6c4d68ac-94bd-4ee9-8313-e59561c89754,csf.juegos,available,368.98,478.98,medium,low,3,namecheap,,,29/09/2026 06:05
e6e6fa88-0e67-41eb-9cbf-7655868ba8bf,concludes.juegos,available,321.22,321.22,medium,low,9,dynadot,,,29/09/2026 05:51
4f718f34-e14e-4895-b6a5-5947c16c9a2e,atf.juegos,available,368.98,478.98,high,low,3,namecheap,,,20/09/2026 20:14
7f303d5b-37e7-44e7-8e86-152b1b7ccfeb,laterally.juegos,available,368.98,478.98,medium,low,9,namecheap,,,15/09/2026 10:56
edf19bd2-28a6-42a9-a125-8c8c43481125,named.juegos,available,478.98,,high,low,5,namecheap,,,
d173a8a9-77a0-441f-ac53-20d38af7cf2d,boxlike.juegos,available,368.98,478.98,medium,low,7,namecheap,,,10/08/2026 23:56
3de81cdf-2231-4d24-8658-d8b67294203c,intrigued.juegos,available,321.22,321.22,medium,low,9,dynadot,,,30/09/2026 00:46
23becfe1-6ceb-4ec8-a9bc-2c388adf7d27,cordially.juegos,available,368.98,478.98,high,low,9,namecheap,,,14/09/2026 08:43
6d142c9f-0107-4c07-bdad-a8fdb5587b38,prolate.juegos,available,368.98,478.98,medium,low,7,namecheap,,,15/08/2026 18:52
692a7db3-63a7-444f-afc2-24d066a651b6,lxvii.juegos,available,368.98,478.98,medium,low,5,namecheap,,,
7129cd6b-d40b-46b7-a26d-c3c9e0e34a5a,unimposing.juegos,available,368.98,478.98,medium,low,10,namecheap,,,12/09/2026 13:12
75416f20-bf6b-42ea-b1ef-e9c6db9506e6,accountancy.juegos,available,478.98,,high,low,11,namecheap,,,
4ea772bf-a63f-4520-987a-4a6ba01147e4,scorned.juegos,available,368.98,478.98,medium,low,7,namecheap,,,14/08/2026 04:16
054b75b7-7d5a-4569-b1e3-a7b4693e298d,pyknic.juegos,available,368.98,478.98,medium,low,6,namecheap,,,17/08/2026 01:17
50ec96f0-121c-4857-babf-19c7b85294d2,conclusion.juegos,available,368.98,478.98,high,low,10,namecheap,,,23/09/2026 14:51
ce66e170-cca7-46be-9c64-a51b52f9c6ec,thrace.juegos,available,368.98,478.98,medium,low,6,namecheap,,,28/09/2026 20:38
6effa069-a16a-42e9-874b-e0900c45eda5,apostle.juegos,available,599.99,599.99,high,low,7,name.com,,,19/09/2026 19:18
188db39a-3af2-4d1e-bd46-07b9f8aad88f,wriggly.juegos,available,368.98,478.98,medium,low,7,namecheap,,,13/09/2026 13:43
f2438954-257d-4d7f-a976-fb433045f31f,dripless.juegos,available,368.98,478.98,medium,low,8,namecheap,,,14/08/2026 19:31
748f0d7b-d51b-47d5-9047-9691ca39ba15,sunbeam.juegos,available,478.98,,high,low,7,namecheap,,,
09ff1f43-967c-484e-8f4c-66ebde8881f1,consent.juegos,available,368.98,478.98,high,low,7,namecheap,,,08/09/2026 13:17
14c8f22f-af7c-4bc8-bee2-c7a68ab9cd34,maybe.juegos,available,321.22,321.22,high,low,5,dynadot,,,28/09/2026 16:19
3c0cb9b2-e1db-485a-87b7-5d3a75167dc0,forman.juegos,available,368.98,478.98,medium,low,6,namecheap,,,29/09/2026 09:59
68942e7d-6207-43af-86fb-3fe25653a534,peyton.juegos,available,321.22,321.22,medium,low,6,dynadot,,,28/09/2026 18:24
d5b5a2c1-e361-4642-b3d7-ae2ca9c997cf,catechetic.juegos,available,368.98,478.98,medium,low,10,namecheap,,,11/08/2026 21:25
f071dd67-7151-4e75-9673-ac049f2993a7,sloe.juegos,available,368.98,478.98,medium,low,4,namecheap,,,18/09/2026 10:21
67e6cb99-0b2f-4a16-ac98-6c472e42b2ed,wrestling.juegos,available,309.47,309.47,high,low,9,porkbun,,,29/09/2026 21:30
489eae0b-edc8-49aa-b90a-e91d99069c68,exotic.juegos,available,368.98,478.98,high,low,6,namecheap,,,17/08/2026 17:49
e564a8c0-cd40-4dc6-8faa-bb7a31d05df2,lienal.juegos,available,368.98,478.98,low,low,6,namecheap,,,23/08/2026 01:33
c3c52d46-79a5-4220-afa7-bfd7887e8409,component.juegos,available,368.98,478.98,high,low,9,namecheap,,,23/09/2026 20:58
4093dfb1-7d91-4c27-b0e0-ec8860f245c4,xlii.juegos,available,368.98,478.98,medium,low,4,namecheap,,,
2049fd52-62e0-4e7c-a682-9e6be1f65e6a,renee.juegos,available,368.98,478.98,medium,low,5,namecheap,,,28/09/2026 21:55
6a640873-ee7d-46f5-90f0-eb39df2fb450,plop.juegos,available,368.98,478.98,medium,low,4,namecheap,,,15/09/2026 20:39
b13928e5-8a0e-458a-a8a0-d35820e4f718,pennate.juegos,available,368.98,478.98,medium,low,7,namecheap,,,08/09/2026 14:37
c8909f6d-f4e8-4dbf-8578-1b44dfe8f6e5,willingness.juegos,available,478.98,,high,low,11,namecheap,,,
7a161f5c-226a-4347-a2b2-129683cffc86,weinberg.juegos,available,321.22,321.22,medium,low,8,dynadot,,,28/09/2026 10:58
ed574a2f-c8e2-43e7-820b-55d1c24b93eb,comprehensive.juegos,available,321.22,321.22,high,low,13,dynadot,,,29/09/2026 02:53
3e0d6b99-0666-4ca9-a0ea-2ad033e4a438,multipurpose.juegos,available,478.98,,medium,low,13,namecheap,,,
36e40859-75bb-406b-9093-9dbc4e6bc586,bailiwick.juegos,available,368.98,478.98,medium,low,9,namecheap,,,21/09/2026 19:08
e379d91c-c175-48ec-a457-bb380fbcf058,strapless.juegos,available,368.98,478.98,high,low,9,namecheap,,,10/09/2026 21:55
5d3f26d1-f482-489f-b47a-ffb81c2fac0c,bertie.juegos,available,368.98,478.98,medium,low,6,namecheap,,,28/09/2026 16:25
7f154e9b-10e8-4dc4-9873-220691885587,remington.juegos,available,478.98,,high,low,9,namecheap,,,
3cd0cca5-4745-4eef-a74e-ccb9ad72eaec,wrenching.juegos,available,368.98,478.98,medium,low,9,namecheap,,,09/09/2026 09:27
3cbd155d-dfb0-4b96-86db-df3e4a2341d5,resettled.juegos,available,368.98,478.98,medium,low,9,namecheap,,,09/09/2026 13:41
2792071b-d81c-4901-a0fc-d33e225fba3b,pete.juegos,available,478.98,,high,low,4,namecheap,,,
04619810-09dc-45e8-a770-a6d72908aee2,psyche.juegos,available,478.98,,high,low,6,namecheap,,,
4430cbd8-3bff-4b4f-9a68-ee4088d82469,calender.juegos,available,309.47,309.47,high,low,8,porkbun,,,29/09/2026 05:50
58c5d61a-7b51-4c42-8cf3-acded3327169,patented.juegos,available,368.98,478.98,high,low,8,namecheap,,,08/09/2026 10:24
b8b7a8c5-2e8a-4fd5-93f5-c05e391ffd56,deafen.juegos,available,599.99,599.99,medium,low,6,name.com,,,13/08/2026 19:44
bc8a923a-a8ee-4e16-9a23-9634b675d6b4,quirky.juegos,available,368.98,478.98,high,low,6,namecheap,,,17/08/2026 22:23
fdc6c07e-bfc1-429f-a4f8-9991d8760c7e,fee.juegos,available,309.47,309.47,high,low,3,porkbun,,,29/09/2026 05:24
c509466f-8223-4c08-8618-11003de9febf,qualifying.juegos,available,368.98,478.98,high,low,10,namecheap,,,23/08/2026 12:37
951203d6-c6a7-4e46-bb2f-316e83b1f891,rejecting.juegos,available,368.98,478.98,low,low,9,namecheap,,,30/09/2026 00:04
956387cd-94c5-40fb-b2f2-92bace9373f9,provocative.juegos,available,368.98,478.98,high,low,11,namecheap,,,29/09/2026 08:33
0bd4c25b-6fd4-4aac-b290-a82c1a3102e3,lade.juegos,available,368.98,478.98,medium,low,4,namecheap,,,22/08/2026 18:36
23f36472-3b76-4d49-84f2-c63bb38360cd,engineering.juegos,available,368.98,478.98,high,low,11,namecheap,,,30/09/2026 01:32
c790edb4-5132-43ad-82c9-54ba970a3d2b,cynicism.juegos,available,368.98,478.98,medium,low,8,namecheap,,,24/09/2026 20:49
23521b05-7d6e-48b6-81e4-f08fcdc03761,denied.juegos,available,368.98,478.98,low,low,6,namecheap,,,27/09/2026 02:21
07f4f5c1-9347-49d7-ac9c-bc4219b572a8,degrading.juegos,available,599.99,599.99,medium,low,9,name.com,,,13/08/2026 20:10
f9e7aa29-ce2f-4e2f-bb5a-9365057ca960,minutely.juegos,available,368.98,478.98,medium,low,8,namecheap,,,15/09/2026 15:04
20744b1b-8b66-48c4-b35a-f296b3816317,william.juegos,available,478.98,,high,low,7,namecheap,,,
0338c5b3-14e9-4eec-9c37-32feaa06efd3,chatoyant.juegos,available,368.98,478.98,medium,low,9,namecheap,,,12/08/2026 03:13
86b0cc1e-f42d-45e9-a2e6-73dce5eadfff,battlefield.juegos,available,368.98,478.98,high,low,11,namecheap,,,28/09/2026 16:00
23f09ba4-9adc-44cf-be65-7381d9ab853e,lexically.juegos,available,368.98,478.98,medium,low,9,namecheap,,,15/09/2026 11:16
0fcc8081-4472-4458-ae4e-75d1160854ac,systematic.juegos,available,368.98,478.98,high,low,10,namecheap,,,11/09/2026 06:44
d40ff489-a983-4b09-a766-e387e5f1ba25,lengthy.juegos,available,368.98,478.98,medium,low,7,namecheap,,,14/08/2026 18:32
756c92e8-010e-4ef4-9401-7d290ab82c7f,gentle.juegos,available,368.98,478.98,high,low,6,namecheap,,,06/08/2026 19:29
51164f55-408a-43b3-b0f1-57764f6dca8d,suborbital.juegos,available,368.98,478.98,medium,low,10,namecheap,,,11/09/2026 00:34
b6ccd6e8-3b46-44eb-baf7-560ab96ac795,untitled.juegos,available,368.98,478.98,high,low,8,namecheap,,,12/09/2026 11:12
8635b7ef-456b-4540-bb10-5d5d99119afb,kenny.juegos,available,368.98,478.98,medium,low,5,namecheap,,,26/09/2026 03:38
d99ed565-8b41-475f-ba30-075c4a6bc484,hammond.juegos,available,599.99,599.99,high,low,7,name.com,,,25/09/2026 12:21
f628e0b2-8589-462e-a080-757c0026affd,september.juegos,available,478.98,,high,low,9,namecheap,,,
f48e77b1-47f4-4e01-863f-52d6ca08ef64,flighty.juegos,available,368.98,478.98,medium,low,7,namecheap,,,18/08/2026 08:11
6efc700a-c2c4-4661-b420-0ff35388470a,tenure.juegos,available,368.98,478.98,high,low,6,namecheap,,,29/09/2026 19:18
03d76b41-ed47-436c-a424-9371ddfdfafa,displayed.juegos,available,368.98,478.98,medium,low,9,namecheap,,,28/09/2026 21:19
42e50977-1d34-4019-8748-17587be2fb42,balata.juegos,available,368.98,478.98,medium,low,6,namecheap,,,21/09/2026 21:12
f8825756-947f-43b2-88a3-cfe5b45bcdd2,recreated.juegos,available,368.98,478.98,medium,low,10,namecheap,,,09/09/2026 10:49
1a0d1e03-0ef3-4498-b076-565fe9139690,aerobic.juegos,available,368.98,478.98,high,low,7,namecheap,,,21/09/2026 21:01
694f804f-d8ef-4a2d-8147-510bb7daa910,lowering.juegos,available,368.98,478.98,high,low,8,namecheap,,,25/09/2026 15:28
6a329e77-5e93-4c0a-84f4-3cefee542c4d,nimbly.juegos,available,368.98,478.98,medium,low,6,namecheap,,,13/09/2026 18:18
23b63be2-0c94-407d-a4d6-2c3406a3b83f,alchemic.juegos,available,368.98,478.98,medium,low,8,namecheap,,,
0a5c0c93-7310-4626-bd93-0c9d6db61780,atrocity.juegos,available,368.98,478.98,medium,low,8,namecheap,,,21/09/2026 00:49
9b1bc3e9-6025-4d61-aeed-af13daba8ab3,flinty.juegos,available,368.98,478.98,medium,low,6,namecheap,,,18/08/2026 08:18
bed804c4-bc18-45a5-98fc-27f662fa6ad2,rotary.juegos,available,368.98,478.98,high,low,6,namecheap,,,04/09/2026 17:37
f9211bdf-cce9-460c-9dd8-b4a15e868e75,rapacious.juegos,available,368.98,478.98,medium,low,9,namecheap,,,15/08/2026 05:26
7c887213-9df8-40db-a116-75600c4bb0e2,nasty.juegos,available,368.98,478.98,medium,low,5,namecheap,,,13/08/2026 08:48
32db2781-150a-4c67-a0f1-e4b3c8d1bf6b,homeric.juegos,available,368.98,478.98,high,low,7,namecheap,,,08/09/2026 09:34
ecfbec40-1a05-4613-b469-824d7792bf59,finespun.juegos,available,368.98,478.98,medium,low,8,namecheap,,,18/08/2026 04:51
a625ac64-1ca9-4f3b-aebf-056c93359840,unbolted.juegos,available,368.98,478.98,medium,low,8,namecheap,,,12/09/2026 01:36
354c40ae-d222-4099-8d74-1d1cc6454138,chamber.juegos,available,368.98,478.98,high,low,7,namecheap,,,22/09/2026 23:10
1234551b-674c-476a-b36c-afbad0dea062,esthete.juegos,available,368.98,478.98,medium,low,7,namecheap,,,17/09/2026 13:35
a4fdf0ea-d6f3-4f7c-a4c7-74fbda4432a9,delays.juegos,available,321.22,321.22,low,low,6,dynadot,,,29/09/2026 17:36
875637de-7bf3-43b8-9cc6-871d9b18907f,soh.juegos,available,368.98,478.98,medium,low,3,namecheap,,,16/09/2026 03:36
8dfffcac-3a1a-424d-ad7c-23eb5b7c659b,units.juegos,available,368.98,478.98,medium,low,5,namecheap,,,17/09/2026 16:07
ecd29bb9-8661-4986-a0f4-deb8a8666e0e,influenced.juegos,available,478.98,,high,low,10,namecheap,,,
c2a9d030-e95f-468c-9724-2c0ad9c2c29f,final.juegos,available,368.98,478.98,high,low,5,namecheap,,,23/09/2026 19:07
76e31f97-137e-4ea1-b15d-546ccb02cf5f,mention.juegos,available,368.98,478.98,high,low,7,namecheap,,,29/09/2026 09:27
5ca1cb96-c274-49b9-8358-ef16490e1509,leafless.juegos,available,368.98,478.98,medium,low,8,namecheap,,,22/08/2026 21:56
4027a94e-f269-4b9a-93e0-a59e13c6af28,bailment.juegos,available,368.98,478.98,medium,low,8,namecheap,,,21/09/2026 19:09
587e86d1-8132-4ded-9349-fa7e562a1ba4,mexicana.juegos,available,368.98,478.98,high,low,8,namecheap,,,29/09/2026 09:18
708ca3c1-2370-49e3-afc4-84fa79a46d6b,above.juegos,available,368.98,478.98,high,low,5,namecheap,,,21/09/2026 14:29
6f3dc9b6-1368-4285-b7be-68c5b995efe9,whimsey.juegos,available,368.98,478.98,medium,low,7,namecheap,,,20/09/2026 00:43
73035d0e-581a-4415-86d6-4c7dafe8ad37,arrests.juegos,available,368.98,478.98,medium,low,7,namecheap,,,20/09/2026 19:12
20d7f172-9459-491c-92fd-42eb3a74f6e4,unwoven.juegos,available,368.98,478.98,medium,low,7,namecheap,,,12/09/2026 22:51
30f140ef-6693-4cd7-881e-6d2d2a2a87a1,friendship.juegos,available,368.98,478.98,high,low,10,namecheap,,,29/09/2026 19:59
11963c23-581b-4e26-a506-e72c5c2a2892,cadillac.juegos,available,478.98,,high,low,8,namecheap,,,
d3094060-c7d5-4d53-966a-e587d584c3b0,abalone.juegos,available,599.99,599.99,high,low,7,name.com,,,16/09/2026 13:49
7ed1e1d1-4f8a-42a8-899a-648f77b65fea,gide.juegos,available,368.98,478.98,high,low,4,namecheap,,,19/09/2026 04:13
c2ccbc8d-3bb3-476c-a3f2-e6463f8844bc,tracy.juegos,available,478.98,,high,low,5,namecheap,,,
3d75dcd2-6e38-4aa0-9a9b-a8a0f2140f20,strength.juegos,available,368.98,478.98,high,low,8,namecheap,,,19/09/2026 17:18
1ecba02e-bf7b-4b8a-b3bf-d38530f9065e,diabolic.juegos,available,368.98,478.98,medium,low,8,namecheap,,,14/08/2026 01:28
a8375cff-f1f6-4903-b37d-69ae5ea7e7fc,tramp.juegos,available,368.98,478.98,high,low,5,namecheap,,,10/09/2026 22:07
75fdeb7e-8405-4306-ae55-72a6d638cd26,lumpy.juegos,available,368.98,478.98,medium,low,5,namecheap,,,12/08/2026 07:46
7fdcab5f-e5c4-4b66-8173-a63ad1197972,michigan.juegos,available,321.22,321.22,high,low,8,dynadot,,,28/09/2026 05:53
61c90615-21ce-4684-9c1b-74396dbb24f1,scandal.juegos,available,478.98,,high,low,7,namecheap,,,
25facddc-d950-4be4-80f8-b3e0b20ffcaf,canvas.juegos,available,368.98,478.98,high,medium,6,namecheap,,,24/09/2026 12:10
efef061f-0fe5-41d1-a9dc-c16678236623,bucolic.juegos,available,368.98,478.98,high,low,7,namecheap,,,06/08/2026 14:14
7db4fdfc-ce7c-4174-b816-d94f71dbbe3b,adversity.juegos,available,368.98,478.98,high,low,9,namecheap,,,17/09/2026 10:54
772713f0-6849-445f-8ca5-6763d20f4bba,stately.juegos,available,368.98,478.98,high,low,7,namecheap,,,08/08/2026 20:22
88d509d5-f069-4d4e-a3c4-14af6c1245ed,cleanup.juegos,available,368.98,478.98,high,low,7,namecheap,,,12/08/2026 10:26
0481dccc-18c2-442d-a887-4804630050fd,separable.juegos,available,368.98,478.98,medium,low,9,namecheap,,,14/08/2026 12:50
b5179d52-31b9-44ed-b0c2-23f4fe6d0daa,derive.juegos,available,309.47,309.47,high,low,6,porkbun,,,29/09/2026 20:28
50ea8137-20f7-48a2-992f-2e2b7ee5dde8,glory.juegos,available,309.47,309.47,high,low,5,porkbun,,,29/09/2026 20:52
9c1d234a-9ce4-49c5-9609-e3bbc8744aed,xcv.juegos,available,368.98,478.98,medium,low,3,namecheap,,,
dd35a822-964f-4061-87b9-0c23c3416907,haitian.juegos,available,368.98,478.98,high,low,7,namecheap,,,20/08/2026 22:17
fb23bb4b-dba5-4e11-a59c-7a1d66763b56,provisions.juegos,available,368.98,478.98,high,low,10,namecheap,,,08/09/2026 08:15
edd73bb8-6b5e-4226-b5b1-299f7ca89812,gnomish.juegos,available,368.98,478.98,medium,low,7,namecheap,,,20/08/2026 15:45
57585747-622b-48cf-b350-8443269a0c20,acidosis.juegos,available,599.99,599.99,medium,low,8,name.com,,,17/09/2026 01:28
6f18f79d-edae-4047-817c-abc96b075b04,automaton.juegos,available,368.98,478.98,high,low,9,namecheap,,,21/09/2026 07:00
cdac2460-93aa-4077-a064-aa74ebba1bb6,aramean.juegos,available,368.98,478.98,medium,low,7,namecheap,,,06/08/2026 12:02
712cacef-f76c-4c63-bd3a-304605b3eb28,brachial.juegos,available,368.98,478.98,medium,low,8,namecheap,,,11/08/2026 00:19
20be7287-9911-4b0b-9b17-3b6047b7cad5,plaguy.juegos,available,368.98,478.98,medium,low,6,namecheap,,,
d46ad076-73fc-4b4a-8e97-772ffeab3a02,marjorie.juegos,available,368.98,478.98,high,low,8,namecheap,,,29/09/2026 04:00
ded9aef2-5efa-4e2d-80cc-fcee836b1b6f,broiled.juegos,available,368.98,478.98,medium,low,7,namecheap,,,11/08/2026 05:19
3a6f6dbe-70e5-4957-b493-55342e0ac4b9,decorative.juegos,available,368.98,478.98,high,low,10,namecheap,,,13/08/2026 02:51
1c0528b9-8ca6-455c-9f72-4e5b2c775d24,reflex.juegos,available,368.98,478.98,high,low,6,namecheap,,,27/09/2026 11:10
2d07a6ff-094c-4bd9-9ca6-56c7234d1379,noisily.juegos,available,368.98,478.98,medium,low,7,namecheap,,,15/09/2026 16:46
b105323d-a5ca-4b81-a36e-cd5b386b99a2,interest.juegos,available,368.98,478.98,high,low,8,namecheap,,,08/09/2026 14:02
e4b71c83-6029-4146-acf2-bdaac52d5437,sabah.juegos,available,309.47,309.47,medium,low,5,porkbun,,,28/09/2026 20:01
e20450d9-717a-421c-aab4-7b4af95bef58,ultimo.juegos,available,368.98,478.98,medium,low,6,namecheap,,,11/09/2026 22:47
e225ea1e-e8f5-4b49-ba60-aedae6260639,kennedy.juegos,available,368.98,478.98,high,low,7,namecheap,,,25/09/2026 23:14
06d89537-1c29-468f-afb0-b861d0a66010,echoes.juegos,available,368.98,478.98,high,low,6,namecheap,,,19/09/2026 20:18
546d580d-a6d2-42cf-837f-621003382971,hypnotic.juegos,available,368.98,478.98,high,low,8,namecheap,,,21/08/2026 17:07
36ee06db-c5d2-41a5-8d6f-952f5aca49a8,dominating.juegos,available,368.98,478.98,high,low,10,namecheap,,,07/08/2026 19:40
ea0df163-1ff4-435b-b529-8822ddc299a6,discovering.juegos,available,321.22,321.22,medium,low,11,dynadot,,,29/09/2026 10:28
f1e0dff7-989a-4215-b43c-d248e50e33ad,occurring.juegos,available,478.98,,high,low,9,namecheap,,,
26a7c0a8-603c-437f-b880-f0f7d41bf152,curative.juegos,available,368.98,478.98,high,low,8,namecheap,,,22/09/2026 02:19
a145cc19-4834-4ee2-a57a-ae4746998a4c,bibos.juegos,available,599.99,599.99,low,low,5,name.com,,,23/09/2026 13:02
8d6e12e4-0204-4539-9ba8-a4344049e0cb,minatory.juegos,available,368.98,478.98,low,low,8,namecheap,,,24/08/2026 19:58
054da980-dd96-4d8a-aeb8-f9d66bbf543f,wonky.juegos,available,368.98,478.98,medium,low,5,namecheap,,,07/08/2026 03:46
62daf693-0161-4487-b860-88f7f2b9cc22,suspicious.juegos,available,368.98,478.98,medium,low,10,namecheap,,,22/08/2026 22:28
894373c2-1a49-458a-b826-a178a00bb702,femoral.juegos,available,368.98,478.98,medium,low,7,namecheap,,,18/08/2026 01:05
de4ffca2-24a6-4733-bb82-f561b67faa50,soe.juegos,available,321.22,321.22,medium,low,3,dynadot,,,28/09/2026 21:29
9f68b0b9-5aef-4246-9bf6-9e4bba490871,hypotonic.juegos,available,368.98,478.98,medium,low,9,namecheap,,,21/08/2026 17:19
39ff0347-0fa6-42fa-ab49-cf5cd8823512,works.juegos,available,368.98,478.98,high,low,5,namecheap,,,24/09/2026 21:13
b87ed38d-9759-4d20-a173-2da2e859927b,causally.juegos,available,368.98,478.98,medium,low,8,namecheap,,,14/09/2026 06:01
4f524587-fc7a-46d5-861c-b9042e32b998,talkative.juegos,available,368.98,478.98,high,low,9,namecheap,,,09/08/2026 21:05
cc6944c4-358a-4d7b-932f-cde9dd1beb4c,aligning.juegos,available,368.98,478.98,medium,low,8,namecheap,,,
11341060-7b80-467f-9e27-6def01f0683a,selenium.juegos,available,368.98,478.98,medium,low,8,namecheap,,,20/09/2026 22:53
40524269-8785-4e60-a74d-a6602f949d86,eisenhower.juegos,available,368.98,478.98,medium,low,10,namecheap,,,28/09/2026 19:01
ea2f6f0c-3955-4991-90e0-a446e82c770e,overpriced.juegos,available,368.98,478.98,medium,low,10,namecheap,,,04/09/2026 21:26
90697e88-f34d-4361-b8fb-b14a3b85eaa9,articled.juegos,available,368.98,478.98,medium,low,8,namecheap,,,06/08/2026 08:28
617824a6-829a-407e-8ec8-97dce09371d6,ramose.juegos,available,368.98,478.98,medium,low,6,namecheap,,,11/08/2026 02:14
60175df7-e7f6-478c-af7b-f13fe2dd1be6,indigenous.juegos,available,368.98,478.98,high,low,10,namecheap,,,07/08/2026 19:31
f1c59b28-295d-4b68-a90a-f92e10fc54af,ionized.juegos,available,368.98,478.98,high,low,7,namecheap,,,22/08/2026 09:31
ff2d15c8-4aa6-4cf3-b650-9f2e582f5cc1,westcott.juegos,available,478.98,,medium,low,8,namecheap,,,
2e850ad4-27fd-439a-ad23-936d9cc64f66,upstream.juegos,available,368.98,478.98,high,low,8,namecheap,,,12/09/2026 23:24
b25d3f05-fafc-414a-b881-ec042a3f0a53,weigh.juegos,available,368.98,478.98,medium,low,5,namecheap,,,28/09/2026 02:22
bd4f9593-c836-40d1-840a-0eecabb3b878,late.juegos,available,368.98,478.98,high,low,4,namecheap,,,22/09/2026 19:16
92283b44-e715-49c4-a9d4-a3a12b832741,fedex.juegos,available,478.98,,high,low,5,namecheap,,,
5e01d72c-6159-4637-aa9c-3ba79466d19e,flowered.juegos,available,368.98,478.98,high,low,8,namecheap,,,18/08/2026 08:56
bbd7b94a-242b-49db-8ada-ff03b2fbda72,mask.juegos,available,321.22,321.22,high,low,4,dynadot,,,29/09/2026 10:08
58ac01c2-ba64-4248-99b0-d8b9d0e70d62,apnea.juegos,available,368.98,478.98,medium,low,5,namecheap,,,19/09/2026 18:04
a8b93be8-d1b4-4cda-ad16-007586702bce,cashable.juegos,available,368.98,478.98,medium,low,8,namecheap,,,11/08/2026 20:12
b1d7c520-0d49-4827-9cc2-5d17d344aeaa,ruthful.juegos,available,368.98,478.98,medium,low,7,namecheap,,,12/08/2026 23:40
53ea2427-0e99-425a-ae16-f0476201a3ae,raphael.juegos,available,321.22,321.22,high,low,7,dynadot,,,29/09/2026 13:44
ee3fdefb-b344-41c5-8839-5369b44c6d26,instore.juegos,available,478.98,,high,low,8,namecheap,,,
cedf1823-facb-4876-9e20-3b3380b97fc0,garret.juegos,available,368.98,478.98,medium,low,6,namecheap,,,07/08/2026 15:51
85302a12-fac2-4b1a-9279-f05ea8fc3e0f,truncate.juegos,available,368.98,478.98,high,low,8,namecheap,,,11/09/2026 20:40
36302a6f-9732-4101-bec1-eb98b6d48727,cuddle.juegos,available,368.98,478.98,high,low,6,namecheap,,,24/09/2026 20:09
96b21e4d-2aba-4b48-92b0-6d1a731106d0,autoerotic.juegos,available,368.98,478.98,medium,low,10,namecheap,,,07/08/2026 20:01
603dcbc8-a576-4bc5-87c3-cdff63e5cea9,towel.juegos,available,309.47,309.47,high,low,5,porkbun,,,28/09/2026 03:13
9507e834-3ce7-490b-85fa-8ee86da5b076,dave.juegos,available,478.98,,high,low,4,namecheap,,,
47b2d082-128c-407f-b643-f70b279cd99e,tarzan.juegos,available,321.22,321.22,high,low,6,dynadot,,,29/09/2026 02:18
086ecc53-519f-4ba0-bc72-3e338b145fee,terse.juegos,available,368.98,478.98,medium,low,5,namecheap,,,22/08/2026 18:16
2464eeaf-fc3c-4044-bd07-2f87b59df373,unruly.juegos,available,368.98,478.98,high,low,6,namecheap,,,10/08/2026 17:42
e6fe2aee-6d61-4371-9cd6-33a566dc7aa2,underlying.juegos,available,368.98,478.98,high,low,10,namecheap,,,21/08/2026 22:41
650b3efa-6138-439d-a3c5-c1575d931dd5,requisite.juegos,available,368.98,478.98,high,low,9,namecheap,,,17/08/2026 13:21
e7f9811d-5722-4214-8b1d-e23f5c391f7f,clench.juegos,available,599.99,599.99,medium,low,6,name.com,,,24/09/2026 15:33
ba2dd68a-e155-4efb-9445-017406e0c0f7,obstetric.juegos,available,368.98,478.98,medium,low,9,namecheap,,,04/09/2026 00:03
357ab37d-7bc3-4774-9c4e-2f123aaa28eb,lowe.juegos,available,309.47,309.47,high,low,4,porkbun,,,29/09/2026 15:01
4d08bcec-8a06-4154-aa10-19f5d2d69afd,ache.juegos,available,368.98,478.98,medium,low,4,namecheap,,,
3f40f165-9f27-45d6-a531-e2e223594ebe,bronson.juegos,available,368.98,478.98,medium,low,7,namecheap,,,28/09/2026 16:48
08caca7e-5110-4708-b781-035a2553b3f5,fellowing.juegos,available,368.98,478.98,low,low,9,namecheap,,,20/09/2026 20:26
8e542368-8c4f-4079-8ebf-3ee4a8b8e9ac,circadian.juegos,available,368.98,478.98,high,low,9,namecheap,,,12/08/2026 08:17
9fa97850-3b21-4a77-baeb-6f5757de5ee4,apologize.juegos,available,478.98,,high,low,9,namecheap,,,
e754f3c7-7930-4e40-b548-620ceda36c25,deviant.juegos,available,368.98,478.98,high,low,7,namecheap,,,
7339c94a-5516-422c-b07f-e8f6e3fd5340,distorted.juegos,available,368.98,478.98,medium,low,9,namecheap,,,13/08/2026 23:39
02d48254-bfcd-4df7-aa01-82e58ea8c28e,homophobic.juegos,available,368.98,478.98,medium,low,10,namecheap,,,21/08/2026 13:04
fc55739d-18c9-4510-a816-9867feb83a5c,only.juegos,available,368.98,478.98,high,medium,4,namecheap,,,22/09/2026 02:00
86458302-4fe3-4b13-a044-0fede3201a4a,squeak.juegos,available,368.98,478.98,high,low,6,namecheap,,,24/09/2026 15:54
0c3a5011-66ee-4ced-978d-a918f33ff13d,midwest.juegos,available,321.22,321.22,high,low,7,dynadot,,,29/09/2026 07:37
529112c0-b14f-4122-b479-897f52b34df7,resisted.juegos,available,309.47,309.47,medium,low,8,porkbun,,,29/09/2026 16:36
ccd2c0f7-4650-4221-807f-d913ee8ede3d,spend.juegos,available,478.98,,high,low,5,namecheap,,,
7db0db30-0644-4ef7-9efd-3f9aacb06a7c,flossy.juegos,available,368.98,478.98,medium,low,6,namecheap,,,14/08/2026 17:44
925abe8e-ed34-4d57-bca0-344871e24325,gamy.juegos,available,368.98,478.98,medium,low,4,namecheap,,,18/08/2026 19:55
fd8f997a-f3a0-4b0d-af04-30c0ec15cbfe,shod.juegos,available,368.98,478.98,medium,low,4,namecheap,,,11/08/2026 13:43
c9bf5020-7dd2-4d9f-bf72-c5ac40288403,aglet.juegos,available,368.98,478.98,medium,low,5,namecheap,,,17/09/2026 18:21
fa656fec-6e7e-499b-b38b-97259078b052,handsome.juegos,available,368.98,478.98,high,low,8,namecheap,,,09/08/2026 18:09
b79ba5b2-7627-427b-a728-3c28930165fa,coldly.juegos,available,368.98,478.98,low,low,6,namecheap,,,28/09/2026 14:07
e0c0eb03-3594-4244-b324-a3953950d8d3,ballroom.juegos,available,309.47,309.47,high,low,8,porkbun,,,29/09/2026 00:49
b96c4c3d-92c4-485c-a754-73162610b018,physiological.juegos,available,368.98,478.98,medium,low,13,namecheap,,,29/09/2026 20:58
a92b5165-503f-4316-868d-3094b5a83ed5,expendable.juegos,available,368.98,478.98,high,low,10,namecheap,,,17/08/2026 18:08
3e3fc4b6-e076-4e44-bb49-3231e4421590,wrathful.juegos,available,368.98,478.98,medium,low,8,namecheap,,,13/09/2026 13:36
4c8c0ba9-d519-4e51-b35a-1aa9fcacabdb,barbarian.juegos,available,368.98,478.98,medium,low,9,namecheap,,,08/08/2026 15:26
9191bc61-3395-424f-8e52-a862640a1ec8,kev.juegos,available,368.98,478.98,high,low,3,namecheap,,,29/09/2026 03:20
32c19563-403c-4046-bbc8-51ecc8eba57c,coed.juegos,available,368.98,478.98,medium,low,5,namecheap,,,12/08/2026 13:16
4fc4e5fc-8b82-4f45-9f50-df6ad905ac77,quadrangle.juegos,available,368.98,478.98,high,low,10,namecheap,,,09/09/2026 07:22
90f92fc7-1f55-4456-98ed-93e9e0c17a42,grumbling.juegos,available,368.98,478.98,medium,low,9,namecheap,,,20/08/2026 20:33
1c4a231e-7e65-4d4c-9d32-3a22214cc8df,prevention.juegos,available,368.98,478.98,high,low,10,namecheap,,,08/09/2026 14:09
28aae5d4-da41-4406-8bec-e12d7f2e40b7,its.juegos,available,478.98,,high,medium,3,namecheap,,,
00faf8fc-dc51-4ca3-910e-3a618600e37f,jews.juegos,available,368.98,478.98,medium,low,4,namecheap,,,
c36a7719-b8e2-4c89-b905-83e3ea5e75db,cardinal.juegos,available,368.98,478.98,high,low,8,namecheap,,,11/08/2026 18:54
d037ac08-0011-4643-bb8c-dfbf6ab9c2af,leased.juegos,available,368.98,478.98,high,low,6,namecheap,,,12/08/2026 02:50
4156afb1-54c6-4253-a0e0-d9c99563ee8a,scaphoid.juegos,available,368.98,478.98,medium,low,8,namecheap,,,03/09/2026 14:11
ee1dd930-fff8-4456-8fb5-5e29ebe09ad4,chelate.juegos,available,368.98,478.98,medium,low,7,namecheap,,,12/08/2026 04:03
28d48507-975c-4112-813d-2cb373b3e143,scurvy.juegos,available,368.98,478.98,medium,low,6,namecheap,,,
d85a7ae1-6eaa-46a7-90c3-2ba68325474e,toe.juegos,available,478.98,,medium,low,3,namecheap,,,
50893a6f-3e6f-44e4-81f1-42ff857bbfc6,floats.juegos,available,321.22,321.22,medium,low,6,dynadot,,,29/09/2026 23:46
59b300d5-0166-4431-b1f5-a1d253c49c6a,presses.juegos,available,321.22,321.22,medium,low,7,dynadot,,,30/09/2026 00:10
53abbe19-8533-4253-ac47-424148dbff12,harbor.juegos,available,321.22,321.22,high,low,6,dynadot,,,28/09/2026 05:56
3d1f2fb6-fa08-41fa-bb07-53019582328f,understand.juegos,available,478.98,,high,low,10,namecheap,,,
3f106413-a805-4e3f-90d0-b572fb1625e3,pastor.juegos,available,368.98,478.98,high,low,6,namecheap,,,24/09/2026 20:20
2f2e2cd4-32ff-4932-8f0a-80cb57510ec3,respect.juegos,available,368.98,478.98,high,low,7,namecheap,,,24/09/2026 21:15
d57cbbae-bb6b-4601-a20c-83703dfcfe6d,curtly.juegos,available,368.98,478.98,medium,low,6,namecheap,,,14/09/2026 10:10
67be70a3-5a1a-4561-9fd7-3f020027dd68,philistine.juegos,available,368.98,478.98,medium,low,10,namecheap,,,
86b6fd2a-f7fb-49db-b6b4-aa1dd700298e,vienna.juegos,available,368.98,478.98,high,low,6,namecheap,,,21/09/2026 04:57
78796276-74ee-43ef-b071-ae9d5c0262a3,seeping.juegos,available,368.98,478.98,medium,low,7,namecheap,,,04/09/2026 15:36
8becbbd0-26b7-42b0-8a02-839377431ae4,atomistic.juegos,available,368.98,478.98,low,low,9,namecheap,,,07/08/2026 13:42
7c798a05-3c46-4494-9a52-d2ff7c71691b,surely.juegos,available,368.98,478.98,high,low,6,namecheap,,,24/09/2026 20:56
aa07c0f1-d1ed-45b9-b3c1-5cdabf709e86,branchless.juegos,available,368.98,478.98,medium,low,10,namecheap,,,11/08/2026 02:21
a3ad79f9-bc77-437a-b081-0b351690d01b,stat.juegos,available,478.98,,high,low,4,namecheap,,,
9dd069a4-04cd-4915-b81f-37ee206dec63,arching.juegos,available,368.98,478.98,high,low,7,namecheap,,,06/08/2026 14:39
a9c8a52d-26fe-4d62-9beb-08d4ed8d87c4,congruous.juegos,available,368.98,478.98,medium,low,9,namecheap,,,12/08/2026 21:56
1e619de6-8f7b-4f68-9b71-d5dd7a3c303c,deplorable.juegos,available,368.98,478.98,medium,low,10,namecheap,,,12/08/2026 20:22
aa0faf6c-31d7-4dbe-893e-6851026b2c73,sixthly.juegos,available,368.98,478.98,medium,low,7,namecheap,,,16/09/2026 02:03
037f3fb1-4680-4cac-a2ac-c9c120eb8686,mellowly.juegos,available,368.98,478.98,medium,low,8,namecheap,,,24/08/2026 19:31
9922085c-6369-44b4-b8b0-4d656afbf8cc,slopped.juegos,available,368.98,478.98,low,low,7,namecheap,,,09/08/2026 15:45
48069ec6-fd02-4295-87aa-b949d97bba41,logical.juegos,available,368.98,478.98,high,low,7,namecheap,,,12/08/2026 16:03
73656c0e-11be-4a22-9d61-ed0840c44f53,covariant.juegos,available,368.98,478.98,medium,low,9,namecheap,,,13/08/2026 04:05
84293573-65b8-4e91-bd23-40f431bb5267,pedantic.juegos,available,368.98,478.98,medium,low,8,namecheap,,,14/08/2026 15:55
b14b8f37-72d0-452b-8776-d5e73ff1c0a0,usually.juegos,available,309.47,309.47,medium,low,7,porkbun,,,28/09/2026 14:12
aef2feab-14d2-4bab-973d-989189c969ef,holdings.juegos,available,368.98,478.98,medium,low,8,namecheap,,,17/09/2026 20:27
d6a0f556-4fbe-41f0-9a10-7325f6c20cec,surgeons.juegos,available,368.98,478.98,medium,low,8,namecheap,,,28/09/2026 17:27
8c8822bc-9589-46ee-a795-5448531dc10c,affiliation.juegos,available,478.98,,high,low,11,namecheap,,,
2091e7b3-7351-4680-95c4-54c5d7706b5c,folded.juegos,available,368.98,478.98,medium,low,6,namecheap,,,28/09/2026 16:55
88f2bf18-fde0-4f73-830a-d4716f7aac47,sahara.juegos,available,309.47,309.47,high,low,6,porkbun,,,29/09/2026 20:15
1bc8b282-01db-441d-a534-a1884d1cc4f8,ruining.juegos,available,321.22,321.22,medium,low,7,dynadot,,,29/09/2026 19:30
f4850e18-769b-4e6f-b769-8799ebdd459c,flowers.juegos,available,478.98,,high,medium,7,namecheap,,,
d05390b0-1242-4fea-bf17-b094852d53fc,retain.juegos,available,478.98,,high,low,6,namecheap,,,
cde5d7b2-00f8-4522-aaaa-b0d2d1e663cc,riskless.juegos,available,368.98,478.98,medium,low,8,namecheap,,,09/09/2026 17:59
3cda154f-d768-4bc9-a711-a27e168ed2fa,samantha.juegos,available,368.98,478.98,high,low,8,namecheap,,,27/09/2026 07:25